ssid,firstName,lastName,grade,plan,caseManagerId,reviewDate,reevalDate,meetingDate,period1Teacher,period2Teacher,period3Teacher,period4Teacher,period5Teacher,period6Teacher,shTeacher,classServices,speechProvider,otProvider,ptProvider,atProvider,audiologist,bisProvider,dhhProvider,hnProvider,mhProvider,omProvider,scProvider,swProvider,trProvider,viProvider,flag1,flag2,instruction,assessment
1000000001,Mason,Lopez,7,IEP,T000008090,2025-12-06,2025-06-25,2025-03-26,T000008708,T000003124,T000005043,T000009047,T000008402,T000003232,T000009663,"RSP: Reading,RSP: Math",,,,,,,,,,,,,,,false,false,"Use of multiplication chart and calculator (when not assessing computational skills); Access to multiplication chart and number line as needed; Use of calculator to check for computation accuracy when calculations are not the primary focus of the assessment; Preferential seating (near the point of instructions, near a positive peer, or an area with the least distractions)","Access to notes during tests when necessary; Directions to be read, clarified, or simplified as needed"
1000000002,Amelia,Thompson,8,IEP,T000006846,2025-03-08,2025-12-29,2025-07-25,T000005528,T000007213,T000001259,T000004834,T000006718,T000008825,T000008958,"Co-teach: English,RSP: English",,,,,,,,,,,,,,,false,false,"Allow use of sensory tools (e.g., fidgets, stress balls) if they help regulate focus; Check for understanding and work completion; Preferential seating (near the point of instructions, near a positive peer, or an area with the least distractions); Allow for breaks when needed","Directions to be read, clarified, or simplified as needed; Simplify instructions or allow verbal clarification of math assessment items; Use of calculator to check for computation accuracy when calculations are not the primary focus of the assessment"
1000000003,Michael,King,9,IEP,T000004524,2025-03-19,2025-03-26,2025-01-20,T000007213,T000003145,T000003782,T000003785,T000007151,T000006385,T000006945,"SDC: History,SDC: Science,Co-teach: English",,T000003394,,,,,,,,,,,,,true,false,"Extended time on assignments (up to 2 weeks, not to exceed the grading period); Allow for short breaks; Use of multiplication chart and calculator (when not assessing computational skills)","Access to notes; Extended time for assessments (time and a half); Allow for test re-takes if the score is below average (less than 2 on a 4-point scale, less than 70%)"
1000000004,Ella,Hall,10,IEP,T000009789,2025-04-13,2025-09-29,2025-10-21,T000005663,T000004238,T000001320,T000009772,T000006381,T000007482,T000003401,"Speech Therapy,OT Services",T000009123,,,,,,,,,,,,,,false,true,"Allow use of sensory tools (e.g., fidgets, stress balls) if they help regulate focus; Check for understanding and work completion","Separate setting for assessments (RSP room or other smaller setting); Allow for test re-takes if the score is below average (less than 2 on a 4-point scale, less than 70%)"
1000000005,Joseph,Garcia,11,IEP,T000005663,2025-09-18,2025-08-02,2025-04-29,T000001259,T000003782,T000001366,T000007792,T000005329,T000003394,T000009123,"RSP: English,RSP: Math,RSP: Science",,,,,,,,,T000008413,,,,,,false,false,"Preferential seating (near the point of instructions, near a positive peer, or an area with the least distractions); Allow for breaks when needed; Access to word bank as needed; Allow use of sensory tools (e.g., fidgets, stress balls) if they help regulate focus","Extended time for assessments (time and a half); Allow for test re-takes if the score is below average (less than 2 on a 4-point scale, less than 70%); Separate setting for assessments (RSP room or other smaller setting)"
1000000006,Camila,Taylor,12,IEP,T000008728,2025-07-04,2025-10-07,2025-08-05,T000004238,T000002904,T000004751,T000006244,T000004298,T000005678,T000003782,"SDC: English,SDC: Math",,T000003394,,,,,,,,,,,T000005827,,true,false,"Access to word bank as needed; Extended time on assignments (up to 2 weeks, not to exceed the grading period)","Directions to be read, clarified, or simplified as needed; Option to clarify or rephrase directions for tests"
1000000007,Luke,Ramirez,6,IEP,T000008662,2025-02-01,2025-05-08,2025-06-04,T000004834,T000003785,T000007792,T000002308,T000001234,T000005528,T000004378,"RSP: Reading,RSP: Math",,,T000003456,,,,,,,,,,,,false,false,"Access to notes or cloze notes; Use of multiplication chart and calculator (when not assessing computational skills)","Access to notes; Simplify instructions or allow verbal clarification of math assessment items"
1000000008,Eleanor,Hill,7,IEP,T000003394,2025-06-23,2025-03-02,2025-03-21,T000004400,T000009626,T000005437,T000005810,T000002783,T000009663,T000002308,"Co-teach: English,RSP: English",T000009123,,,,,,,,,,T000001339,,,,false,true,"Use of multiplication chart and calculator (when not assessing computational skills); Divide larger projects or assignments into manageable parts with incremental deadlines; Use of graphic organizer checklist for organizing larger writing assignments","Use of calculator to check for computation accuracy when calculations are not the primary focus of the assessment; Directions to be read, clarified, or simplified as needed"
1000000009,Julian,Roberts,8,IEP,T000008901,2025-12-15,2025-04-06,2025-11-30,T000002904,T000008728,T000004689,T000002587,T000004238,T000004751,T000004298,"SDC: History,SDC: Science,Co-teach: English",,T000003394,,,T000003243,,,,,,,,,,true,false,"Simplified, repeated, or rephrased directions as needed; Access to multiplication chart and number line as needed; Use of graphic organizer checklist for organizing larger writing assignments","Directions to be read, clarified, or simplified as needed; Extended time for assessments (time and a half)"
1000000010,Emma,Hernandez,9,IEP,T000004400,2025-09-01,2025-12-13,2025-04-30,T000001320,T000004751,T000005406,T000008413,T000006150,T000007799,T000004567,"Speech Therapy,OT Services",,,,,,,,,T000004298,,,,,T000007890,false,false,"Simplified, repeated, or rephrased directions as needed; Access to multiplication chart and number line as needed; Use of graphic organizer checklist for organizing larger writing assignments; Check for understanding and work completion","Access to notes; Extended time for assessments (time and a half); Option to clarify or rephrase directions for tests"
1000000011,Mason,Perez,10,IEP,T000007792,2025-09-24,2025-06-24,2025-08-23,T000006718,T000007151,T000005329,T000001234,T000008958,T000005810,T000003232,"RSP: English,RSP: Math,RSP: Science",,,,T000003401,,,,,,,,,,,false,false,"Allow for short breaks; Use of multiplication chart and calculator (when not assessing computational skills); Access to multiplication chart and number line as needed","Simplify instructions or allow verbal clarification of math assessment items; Option to clarify or rephrase directions for tests; Directions to be read, clarified, or simplified as needed"
1000000012,Amelia,Allen,11,IEP,T000005098,2025-04-14,2025-08-07,2025-12-18,T000009626,T000001890,T000002346,T000008901,T000004689,T000002072,T000004751,"SDC: English,SDC: Math",T000009123,T000003394,,,,,T000002053,,,,,,T000005827,,true,true,"Preferential seating (near the point of instructions, near a positive peer, or an area with the least distractions); Chunk instructions/visual checklists as needed","Access to notes; Separate setting for assessments (RSP room or other smaller setting)"
1000000013,Michael,Baker,12,IEP,T000002053,2025-12-10,2025-08-31,2025-08-18,T000008825,T000006385,T000003394,T000005528,T000005810,T000006789,T000009322,"RSP: Reading,RSP: Math",,,,,,,,,,T000002345,,,,,false,false,"Preferential seating (near the point of instructions, near a positive peer, or an area with the least distractions); Use of calculator to check for computation accuracy when calculations are not the primary focus of the assessment; Access to notes or cloze notes; Allow for short breaks","Access to notes during tests when necessary; Simplify instructions or allow verbal clarification of math assessment items"
1000000014,Ella,Jones,6,IEP,T000005043,2025-05-17,2025-11-27,2025-08-28,T000009772,T000006244,T000008413,T000008402,T000001801,T000005663,T000005827,"Co-teach: English,RSP: English",,,T000003456,,,T000006789,,,,,,,,,false,false,"Access to word bank as needed; Preferential seating (near the point of instructions, near a positive peer, or an area with the least distractions); Access to audiobooks or other audio supports (teacher read aloud) for longer reading materials, as needed","Access to notes during tests when necessary; Access to notes; Use of calculator to check for computation accuracy when calculations are not the primary focus of the assessment"
1000000015,Joseph,Thomas,7,IEP,T000009626,2025-01-24,2025-10-26,2025-02-16,T000004751,T000004689,T000008456,T000002904,T000005678,T000003785,T000002345,"SDC: History,SDC: Science,Co-teach: English",,T000003394,,,,,,T000004567,T000008413,,,,,,true,false,"Extended time on assignments (up to 2 weeks, not to exceed the grading period); Check for understanding and work completion; Chunk instructions/visual checklists as needed; Access to multiplication chart and number line as needed","Access to notes during tests when necessary; Use of calculator to check for computation accuracy when calculations are not the primary focus of the assessment"
1000000016,Camila,Clark,8,IEP,T000007799,2025-01-28,2025-09-23,2025-04-09,T000004378,T000007510,T000007890,T000001366,T000008708,T000008958,T000008402,"Speech Therapy,OT Services",T000009123,,,,,,,,,,T000001339,T000008901,,,false,true,"Extended time on assignments (up to 2 weeks, not to exceed the grading period); Access to audiobooks or other audio supports (teacher read aloud) for longer reading materials, as needed","Simplify instructions or allow verbal clarification of math assessment items; Shortened Assessments: (when appropriate and does not compromise the integrity of the learning objectives); Directions to be read, clarified, or simplified as needed"
1000000017,Luke,Nguyen,9,IEP,T000006903,2025-08-15,2025-08-02,2025-04-12,T000008958,T000006945,T000009123,T000004378,T000003232,T000009322,T000009772,"RSP: English,RSP: Math,RSP: Science",,,,,,,,,,,,,,,false,false,"Divide larger projects or assignments into manageable parts with incremental deadlines; Extended time on assignments (up to 2 weeks, not to exceed the grading period); Access to multiplication chart and number line as needed; Allow for breaks when needed","Access to notes; Directions to be read, clarified, or simplified as needed; Separate setting for assessments (RSP room or other smaller setting)"
1000000018,Eleanor,Carter,10,IEP,T000002345,2025-07-14,2025-05-25,2025-09-20,T000001890,T000005098,T000003124,T000006385,T000009626,T000002346,T000004689,"SDC: English,SDC: Math",,T000003394,,,T000002072,,,,,,,,T000005827,,true,false,"Extended time on assignments (up to 2 weeks, not to exceed the grading period); Allow for breaks when needed; Allow for short breaks; Allow use of sensory tools (e.g., fidgets, stress balls) if they help regulate focus","Access to notes; Use of calculator to check for computation accuracy when calculations are not the primary focus of the assessment; Extended time for assessments (time and a half)"
1000000019,Julian,Martinez,11,IEP,T000003232,2025-01-22,2025-06-04,2025-02-02,T000006846,T000004524,T000005663,T000008662,T000007792,T000002053,T000006903,"RSP: Reading,RSP: Math",,,,,,,,,,,,,,,false,false,"Access to audiobooks or other audio supports (teacher read aloud) for longer reading materials, as needed; Use of multiplication chart and calculator (when not assessing computational skills); Access to multiplication chart and number line as needed; Simplified, repeated, or rephrased directions as needed","Access to notes during tests when necessary; Option to clarify or rephrase directions for tests; Separate setting for assessments (RSP room or other smaller setting)"
1000000020,Emma,Lee,12,IEP,T000004378,2025-05-06,2025-11-10,2025-08-23,T000005437,T000002346,T000003232,T000009540,T000008662,T000005432,T000003456,"Co-teach: English,RSP: English",T000009123,,,,,,,,T000004298,,,,,T000007890,false,true,"Use of multiplication chart and calculator (when not assessing computational skills); Access to audiobooks or other audio supports (teacher read aloud) for longer reading materials, as needed; Access to multiplication chart and number line as needed; Simplified, repeated, or rephrased directions as needed","Separate setting for assessments (RSP room or other smaller setting); Extended time for assessments (time and a half)"
1000000021,Mason,Young,6,IEP,T000006945,2025-12-06,2025-03-27,2025-05-31,T000006244,T000002587,T000002904,T000002346,T000004524,T000004238,T000003145,"SDC: History,SDC: Science,Co-teach: English",,T000003394,T000003456,,,,,,,,,,,,true,false,"Simplified, repeated, or rephrased directions as needed; Chunk instructions/visual checklists as needed; Allow use of sensory tools (e.g., fidgets, stress balls) if they help regulate focus; Check for understanding and work completion","Allow for test re-takes if the score is below average (less than 2 on a 4-point scale, less than 70%); Option to clarify or rephrase directions for tests"
1000000022,Amelia,Nelson,7,IEP,T000008413,2025-12-20,2025-03-26,2025-06-07,T000006381,T000004298,T000006150,T000001801,T000003401,T000001366,T000008825,"Speech Therapy,OT Services",,,,T000001801,,,,,,,,,,,false,false,"Use of graphic organizer checklist for organizing larger writing assignments; Chunk instructions/visual checklists as needed; Shortened assignments: when appropriate and when they do not compromise the integrity of the learning objectives, ensuring the student can demonstrate understanding as determined by the teacher","Extended time for assessments (time and a half); Allow for test re-takes if the score is below average (less than 2 on a 4-point scale, less than 70%); Option to clarify or rephrase directions for tests"
1000000023,Michael,Brown,8,IEP,T000008708,2025-04-01,2025-06-30,2025-05-31,T000008662,T000002072,T000009772,T000007123,T000003456,T000006846,T000007799,"RSP: English,RSP: Math,RSP: Science",,,,,,,,,,,,,,,false,false,"Access to multiplication chart and number line as needed; Chunk instructions/visual checklists as needed","Shortened Assessments: (when appropriate and does not compromise the integrity of the learning objectives); Allow for test re-takes if the score is below average (less than 2 on a 4-point scale, less than 70%)"
1000000024,Ella,Anderson,9,IEP,T000003785,2025-07-26,2025-10-02,2025-11-04,T000007510,T000001339,T000007151,T000002345,T000003124,T000006945,T000002346,"SDC: English,SDC: Math",T000009123,T000003394,,,,,T000002053,,,,T000001339,,T000005827,,true,true,"Extended time on assignments (up to 2 weeks, not to exceed the grading period); Allow for short breaks; Use of multiplication chart and calculator (when not assessing computational skills)","Simplify instructions or allow verbal clarification of math assessment items; Option to clarify or rephrase directions for tests; Extended time for assessments (time and a half)"
1000000025,Joseph,Sanchez,10,IEP,T000005437,2025-09-21,2025-03-24,2025-11-11,T000005406,T000008456,T000006846,T000002783,T000004834,T000005827,T000001234,"RSP: Reading,RSP: Math",,,,,,,,,T000008413,,,,,,false,false,"Use of calculator to check for computation accuracy when calculations are not the primary focus of the assessment; Preferential seating (near the point of instructions, near a positive peer, or an area with the least distractions); Access to multiplication chart and number line as needed; Use of multiplication chart and calculator (when not assessing computational skills)","Access to notes during tests when necessary; Access to notes"
1000000026,Camila,Torres,11,IEP,T000009914,2025-07-22,2025-07-15,2025-04-20,T000007482,T000005678,T000007799,T000005663,T000001366,T000001234,T000009047,"Co-teach: English,RSP: English",,,,,,,,,,T000002345,,,,,false,false,"Shortened assignments: when appropriate and when they do not compromise the integrity of the learning objectives, ensuring the student can demonstrate understanding as determined by the teacher; Chunk instructions/visual checklists as needed; Allow for short breaks; Simplified, repeated, or rephrased directions as needed","Option to clarify or rephrase directions for tests; Access to notes"
1000000027,Luke,Mitchell,12,IEP,T000005678,2025-10-16,2025-07-04,2025-03-11,T000005098,T000002345,T000007510,T000003782,T000001890,T000003124,T000009626,"SDC: History,SDC: Science,Co-teach: English",,T000003394,,,T000003243,,,,,,,,,,true,false,"Preferential seating (near the point of instructions, near a positive peer, or an area with the least distractions); Allow for short breaks","Option to clarify or rephrase directions for tests; Extended time for assessments (time and a half); Shortened Assessments: (when appropriate and does not compromise the integrity of the learning objectives)"
1000000028,Eleanor,Rodriguez,6,IEP,T000001259,2025-04-05,2025-10-03,2025-05-02,T000005810,T000008901,T000009540,T000006718,T000009322,T000004400,T000005461,"Speech Therapy,OT Services",T000009123,,T000003456,,,T000006789,,,,,,,,,false,true,"Use of multiplication chart and calculator (when not assessing computational skills); Use of graphic organizer checklist for organizing larger writing assignments; Allow for short breaks; Allow for breaks when needed","Access to notes during tests when necessary; Separate setting for assessments (RSP room or other smaller setting); Use of calculator to check for computation accuracy when calculations are not the primary focus of the assessment"
1000000029,Julian,Martin,7,IEP,T000001804,2025-03-22,2025-10-23,2025-10-23,T000007840,T000008170,T000007840,T000001804,T000007840,T000001804,T000007840,"RSP: English,RSP: Math,RSP: Science",,,,,,,,,,,,,,,false,false,"Extended time on assignments (up to 2 weeks, not to exceed the grading period); Shortened assignments: when appropriate and when they do not compromise the integrity of the learning objectives, ensuring the student can demonstrate understanding as determined by the teacher","Access to notes; Separate setting for assessments (RSP room or other smaller setting)"
1000000030,Emma,Walker,8,IEP,T000007510,2025-02-12,2025-09-23,2025-08-14,T000002346,T000003124,T000002587,T000001890,T000002072,T000006244,T000008456,"SDC: English,SDC: Math",,T000003394,,,,,,T000004567,T000004298,,,,T000005827,T000007890,true,false,"Extended time on assignments (up to 2 weeks, not to exceed the grading period); Use of multiplication chart and calculator (when not assessing computational skills); Divide larger projects or assignments into manageable parts with incremental deadlines","Directions to be read, clarified, or simplified as needed; Simplify instructions or allow verbal clarification of math assessment items"
1000000031,Mason,Adams,9,IEP,T000001801,2025-09-17,2025-10-26,2025-04-09,T000006903,T000007213,T000003401,T000007799,T000007890,T000005329,T000005043,"RSP: Reading,RSP: Math",,,,,,,,,,,,,,,false,false,"Access to audiobooks or other audio supports (teacher read aloud) for longer reading materials, as needed; Allow use of sensory tools (e.g., fidgets, stress balls) if they help regulate focus","Use of calculator to check for computation accuracy when calculations are not the primary focus of the assessment; Directions to be read, clarified, or simplified as needed; Access to notes"
1000000032,Amelia,Williams,10,IEP,T000005432,2025-07-21,2025-10-15,2025-02-20,T000005827,T000003145,T000002053,T000005406,T000005528,T000003401,T000006718,"Co-teach: English,RSP: English",T000009123,,,,,,,,,,T000001339,T000008901,,,false,true,"Use of multiplication chart and calculator (when not assessing computational skills); Preferential seating (near the point of instructions, near a positive peer, or an area with the least distractions)","Simplify instructions or allow verbal clarification of math assessment items; Access to notes during tests when necessary; Use of calculator to check for computation accuracy when calculations are not the primary focus of the assessment"
1000000033,Michael,Wilson,11,IEP,T000002904,2025-10-31,2025-05-25,2025-02-09,T000004298,T000004238,T000005678,T000004524,T000003782,T000002345,T000006385,"SDC: History,SDC: Science,Co-teach: English",,T000003394,,T000003401,,,,,,,,,,,true,false,"Check for understanding and work completion; Extended time on assignments (up to 2 weeks, not to exceed the grading period); Use of calculator to check for computation accuracy when calculations are not the primary focus of the assessment","Separate setting for assessments (RSP room or other smaller setting); Simplify instructions or allow verbal clarification of math assessment items; Use of calculator to check for computation accuracy when calculations are not the primary focus of the assessment"
1000000034,Ella,Harris,12,IEP,T000002815,2025-12-25,2025-01-30,2025-05-20,T000003401,T000003782,T000004567,T000005827,T000008825,T000009047,T000005810,"Speech Therapy,OT Services",,,,,,,,,,,,,,,false,false,"Access to audiobooks or other audio supports (teacher read aloud) for longer reading materials, as needed; Simplified, repeated, or rephrased directions as needed; Allow for breaks when needed; Divide larger projects or assignments into manageable parts with incremental deadlines","Access to notes; Extended time for assessments (time and a half); Allow for test re-takes if the score is below average (less than 2 on a 4-point scale, less than 70%)"
1000000035,Joseph,Scott,6,IEP,T000005810,2025-03-09,2025-04-09,2025-09-29,T000008413,T000002904,T000002783,T000003243,T000002815,T000001320,T000002053,"RSP: English,RSP: Math,RSP: Science",,,T000003456,,,,,,T000008413,,,,,,false,false,"Shortened assignments: when appropriate and when they do not compromise the integrity of the learning objectives, ensuring the student can demonstrate understanding as determined by the teacher; Access to multiplication chart and number line as needed; Check for understanding and work completion","Simplify instructions or allow verbal clarification of math assessment items; Access to notes during tests when necessary; Extended time for assessments (time and a half)"
1000000036,Camila,Campbell,7,IEP,T000008456,2025-02-28,2025-09-13,2025-06-16,T000001339,T000003785,T000007213,T000005678,T000007510,T000007151,T000003124,"SDC: English,SDC: Math",T000009123,T000003394,,,T000002072,,T000002053,,,,,,T000005827,,true,true,"Use of calculator to check for computation accuracy when calculations are not the primary focus of the assessment; Allow for breaks when needed","Simplify instructions or allow verbal clarification of math assessment items; Access to notes"
1000000037,Luke,Davis,8,IEP,T000009047,2025-08-26,2025-12-29,2025-04-17,T000007123,T000009626,T000008402,T000009123,T000009914,T000008662,T000001320,"RSP: Reading,RSP: Math",,,,,,,,,,,,,,,false,false,"Use of multiplication chart and calculator (when not assessing computational skills); Access to notes or cloze notes; Shortened assignments: when appropriate and when they do not compromise the integrity of the learning objectives, ensuring the student can demonstrate understanding as determined by the teacher","Simplify instructions or allow verbal clarification of math assessment items; Access to notes during tests when necessary"
1000000038,Eleanor,Jackson,9,IEP,T000008825,2025-06-22,2025-08-23,2025-10-21,T000009789,T000008728,T000004400,T000005043,T000008413,T000009914,T000002815,"Co-teach: English,RSP: English",,,,,,,,,,,,,,,false,false,"Access to notes or cloze notes; Preferential seating (near the point of instructions, near a positive peer, or an area with the least distractions); Use of multiplication chart and calculator (when not assessing computational skills)","Extended time for assessments (time and a half); Allow for test re-takes if the score is below average (less than 2 on a 4-point scale, less than 70%); Separate setting for assessments (RSP room or other smaller setting)"
1000000039,Julian,Robinson,10,IEP,T000004689,2025-10-08,2025-01-08,2025-05-01,T000005678,T000004751,T000003785,T000004238,T000002345,T000001339,T000005098,"SDC: History,SDC: Science,Co-teach: English",,T000003394,,,,,,,,T000002345,,,,,true,false,"Allow for short breaks; Chunk instructions/visual checklists as needed; Divide larger projects or assignments into manageable parts with incremental deadlines","Extended time for assessments (time and a half); Separate setting for assessments (RSP room or other smaller setting)"
1000000040,Emma,Green,11,IEP,T000005827,2025-01-25,2025-02-01,2025-12-30,T000007890,T000007151,T000008825,T000008090,T000005043,T000009123,T000003243,"Speech Therapy,OT Services",T000009123,,,,,,,,T000004298,,T000001339,,,T000007890,false,true,"Use of calculator to check for computation accuracy when calculations are not the primary focus of the assessment; Chunk instructions/visual checklists as needed","Extended time for assessments (time and a half); Simplify instructions or allow verbal clarification of math assessment items"
1000000041,Mason,Johnson,12,IEP,T000004567,2025-12-27,2025-01-14,2025-04-28,T000006789,T000001890,T000008368,T000008825,T000004400,T000008402,T000002783,"RSP: English,RSP: Math,RSP: Science",,,,,,,,,,,,,,,false,false,"Extended time on assignments (up to 2 weeks, not to exceed the grading period); Allow for short breaks; Shortened assignments: when appropriate and when they do not compromise the integrity of the learning objectives, ensuring the student can demonstrate understanding as determined by the teacher; Allow for breaks when needed","Use of calculator to check for computation accuracy when calculations are not the primary focus of the assessment; Option to clarify or rephrase directions for tests; Access to notes"
1000000042,Amelia,Gonzalez,6,IEP,T000003782,2025-11-11,2025-01-25,2025-11-15,T000008901,T000006385,T000001890,T000007151,T000008728,T000009626,T000002904,"SDC: English,SDC: Math",,T000003394,T000003456,,,T000006789,,,,,,,T000005827,,true,false,"Access to word bank as needed; Allow for breaks when needed","Access to notes; Simplify instructions or allow verbal clarification of math assessment items"
1000000043,Michael,White,7,IEP,T000008958,2025-11-14,2025-12-21,2025-11-12,T000005432,T000006244,T000005461,T000005437,T000006846,T000002815,T000007792,"RSP: Reading,RSP: Math",,,,,,,,,,,,,,,false,false,"Check for understanding and work completion; Simplified, repeated, or rephrased directions as needed; Allow for breaks when needed","Option to clarify or rephrase directions for tests; Extended time for assessments (time and a half)"
1000000044,Ella,Wright,8,IEP,T000009540,2025-10-15,2025-03-01,2025-04-24,T000002783,T000004689,T000008662,T000009322,T000002308,T000005406,T000007482,"Co-teach: English,RSP: English",T000009123,,,T000001801,,,,,,,,,,,false,true,"Shortened assignments: when appropriate and when they do not compromise the integrity of the learning objectives, ensuring the student can demonstrate understanding as determined by the teacher; Check for understanding and work completion","Access to notes during tests when necessary; Extended time for assessments (time and a half)"
1000000045,Joseph,Rivera,9,IEP,T000001339,2025-09-09,2025-01-07,2025-01-27,T000003124,T000007510,T000006945,T000005098,T000002346,T000002587,T000002072,"SDC: History,SDC: Science,Co-teach: English",,T000003394,,,T000003243,,,T000004567,T000008413,,,,,,true,false,"Allow for short breaks; Check for understanding and work completion; Access to notes or cloze notes; Access to word bank as needed","Use of calculator to check for computation accuracy when calculations are not the primary focus of the assessment; Access to notes"
1000000046,Camila,Miller,10,IEP,T000005528,2025-08-14,2025-01-28,2025-10-20,T000005043,T000006945,T000005810,T000005824,T000003243,T000009789,T000005432,"Speech Therapy,OT Services",,,,,,,,,,,,,,,false,false,"Check for understanding and work completion; Chunk instructions/visual checklists as needed; Extended time on assignments (up to 2 weeks, not to exceed the grading period); Access to multiplication chart and number line as needed","Option to clarify or rephrase directions for tests; Simplify instructions or allow verbal clarification of math assessment items; Access to notes during tests when necessary"
1000000047,Luke,Moore,11,IEP,T000006150,2025-04-09,2025-12-12,2025-09-08,T000009047,T000005098,T000005824,T000003401,T000006789,T000008708,T000004400,"RSP: English,RSP: Math,RSP: Science",,,,,,,,,,,,,,,false,false,"Allow for short breaks; Use of graphic organizer checklist for organizing larger writing assignments","Access to notes; Extended time for assessments (time and a half)"
1000000048,Eleanor,Lewis,12,IEP,T000006244,2025-12-09,2025-11-16,2025-08-11,T000003145,T000004524,T000004298,T000008456,T000007213,T000003782,T000007151,"SDC: English,SDC: Math",T000009123,T000003394,,,,,T000002053,,,,T000001339,T000008901,T000005827,,true,true,"Divide larger projects or assignments into manageable parts with incremental deadlines; Use of multiplication chart and calculator (when not assessing computational skills); Check for understanding and work completion","Access to notes; Extended time for assessments (time and a half)"
1000000049,Julian,Flores,6,IEP,T000005824,2025-06-14,2025-01-28,2025-08-17,T000008402,T000002346,T000003243,T000006789,T000009663,T000009772,T000005406,"RSP: Reading,RSP: Math",,,T000003456,,,,,,,,,,,,false,false,"Use of multiplication chart and calculator (when not assessing computational skills); Preferential seating (near the point of instructions, near a positive peer, or an area with the least distractions); Simplified, repeated, or rephrased directions as needed; Allow for breaks when needed","Use of calculator to check for computation accuracy when calculations are not the primary focus of the assessment; Separate setting for assessments (RSP room or other smaller setting); Allow for test re-takes if the score is below average (less than 2 on a 4-point scale, less than 70%)"
1000000050,Emma,Smith,7,IEP,T000007890,2025-09-11,2025-02-09,2025-04-07,T000003232,T000002587,T000009789,T000008708,T000009772,T000005461,T000001801,"Co-teach: English,RSP: English",,,,,,,,,T000004298,,,,,T000007890,false,false,"Check for understanding and work completion; Simplified, repeated, or rephrased directions as needed; Preferential seating (near the point of instructions, near a positive peer, or an area with the least distractions)","Shortened Assessments: (when appropriate and does not compromise the integrity of the learning objectives); Use of calculator to check for computation accuracy when calculations are not the primary focus of the assessment"
1000000051,Mason,Lopez,8,IEP,T000004238,2025-12-24,2025-11-02,2025-03-16,T000003782,T000004298,T000002345,T000003145,T000006385,T000005098,T000008901,"SDC: History,SDC: Science,Co-teach: English",,T000003394,,,,,,,,,,,,,true,false,"Use of multiplication chart and calculator (when not assessing computational skills); Chunk instructions/visual checklists as needed","Directions to be read, clarified, or simplified as needed; Use of calculator to check for computation accuracy when calculations are not the primary focus of the assessment; Allow for test re-takes if the score is below average (less than 2 on a 4-point scale, less than 70%)"
1000000052,Amelia,Thompson,9,IEP,T000008368,2025-03-08,2025-04-25,2025-03-07,T000009663,T000002072,T000005432,T000004400,T000005406,T000001801,T000004834,"Speech Therapy,OT Services",T000009123,,,,,,,,,T000002345,,,,,false,true,"Use of multiplication chart and calculator (when not assessing computational skills); Allow for breaks when needed; Access to multiplication chart and number line as needed; Access to audiobooks or other audio supports (teacher read aloud) for longer reading materials, as needed","Separate setting for assessments (RSP room or other smaller setting); Access to notes; Use of calculator to check for computation accuracy when calculations are not the primary focus of the assessment"
1000000053,Michael,King,10,IEP,T000005406,2025-07-09,2025-02-08,2025-11-03,T000008090,T000001339,T000005528,T000006150,T000005824,T000007890,T000008368,"RSP: English,RSP: Math,RSP: Science",,,,,,,,,,,,,,,false,false,"Use of graphic organizer checklist for organizing larger writing assignments; Access to notes or cloze notes","Simplify instructions or allow verbal clarification of math assessment items; Access to notes"
1000000054,Ella,Hall,11,IEP,T000002072,2025-04-24,2025-11-19,2025-09-25,T000003785,T000008456,T000003145,T000004751,T000001339,T000007213,T000007510,"SDC: English,SDC: Math",,T000003394,,,T000002072,,,,,,,,T000005827,,true,false,"Shortened assignments: when appropriate and when they do not compromise the integrity of the learning objectives, ensuring the student can demonstrate understanding as determined by the teacher; Simplified, repeated, or rephrased directions as needed; Allow use of sensory tools (e.g., fidgets, stress balls) if they help regulate focus","Extended time for assessments (time and a half); Separate setting for assessments (RSP room or other smaller setting); Access to notes during tests when necessary"
1000000055,Joseph,Garcia,12,IEP,T000002783,2025-07-05,2025-10-30,2025-12-08,T000006150,T000005678,T000004834,T000002815,T000004567,T000008090,T000003394,"RSP: Reading,RSP: Math",,,,T000003401,,,,,T000008413,,,,,,false,false,"Access to audiobooks or other audio supports (teacher read aloud) for longer reading materials, as needed; Chunk instructions/visual checklists as needed","Shortened Assessments: (when appropriate and does not compromise the integrity of the learning objectives); Directions to be read, clarified, or simplified as needed"
1000000056,Camila,Taylor,6,IEP,T000001320,2025-11-07,2025-12-22,2025-11-10,T000001366,T000002345,T000008090,T000006381,T000009047,T000004378,T000006789,"Co-teach: English,RSP: English",T000009123,,T000003456,,,T000006789,,,,,T000001339,,,,false,true,"Divide larger projects or assignments into manageable parts with incremental deadlines; Use of multiplication chart and calculator (when not assessing computational skills); Extended time on assignments (up to 2 weeks, not to exceed the grading period)","Extended time for assessments (time and a half); Access to notes"
1000000057,Luke,Ramirez,7,IEP,T000006385,2025-07-06,2025-11-11,2025-05-06,T000008728,T000008901,T000009626,T000006945,T000002904,T000004689,T000004238,"SDC: History,SDC: Science,Co-teach: English",,T000003394,,,,,,,,,,,,,true,false,"Chunk instructions/visual checklists as needed; Use of graphic organizer checklist for organizing larger writing assignments; Use of multiplication chart and calculator (when not assessing computational skills)","Use of calculator to check for computation accuracy when calculations are not the primary focus of the assessment; Shortened Assessments: (when appropriate and does not compromise the integrity of the learning objectives)"
1000000058,Eleanor,Hill,8,IEP,T000007840,2025-09-22,2025-03-19,2025-01-13,T000001804,T000008170,T000001804,T000007840,T000001804,T000007840,T000001804,"Speech Therapy,OT Services",,,,,,,,,,,,,,,false,false,"Shortened assignments: when appropriate and when they do not compromise the integrity of the learning objectives, ensuring the student can demonstrate understanding as determined by the teacher; Access to multiplication chart and number line as needed","Access to notes during tests when necessary; Directions to be read, clarified, or simplified as needed"
1000000059,Julian,Roberts,9,IEP,T000001234,2025-02-16,2025-07-12,2025-10-11,T000008368,T000003124,T000008958,T000003394,T000005437,T000003243,T000008662,"RSP: English,RSP: Math,RSP: Science",,,,,,,,,,,,,,,false,false,"Allow use of sensory tools (e.g., fidgets, stress balls) if they help regulate focus; Access to word bank as needed","Extended time for assessments (time and a half); Access to notes; Allow for test re-takes if the score is below average (less than 2 on a 4-point scale, less than 70%)"
1000000060,Emma,Hernandez,10,IEP,T000003145,2025-09-02,2025-10-29,2025-02-04,T000007151,T000007213,T000006385,T000001339,T000006945,T000008901,T000002587,"SDC: English,SDC: Math",T000009123,T000003394,,,,,T000002053,T000004567,T000004298,,,,T000005827,T000007890,true,true,"Divide larger projects or assignments into manageable parts with incremental deadlines; Use of multiplication chart and calculator (when not assessing computational skills)","Use of calculator to check for computation accuracy when calculations are not the primary focus of the assessment; Access to notes"
1000000061,Mason,Perez,11,IEP,T000009772,2025-05-24,2025-05-27,2025-05-06,T000007792,T000003145,T000006381,T000003456,T000006903,T000001259,T000007890,"RSP: Reading,RSP: Math",,,,,,,,,,,,,,,false,false,"Allow for breaks when needed; Preferential seating (near the point of instructions, near a positive peer, or an area with the least distractions)","Extended time for assessments (time and a half); Access to notes during tests when necessary; Use of calculator to check for computation accuracy when calculations are not the primary focus of the assessment"
1000000062,Amelia,Allen,12,IEP,T000009322,2025-12-26,2025-09-13,2025-11-27,T000002815,T000004238,T000002308,T000005432,T000002053,T000006150,T000001259,"Co-teach: English,RSP: English",,,,,,,,,,,,,,,false,false,"Allow for short breaks; Use of multiplication chart and calculator (when not assessing computational skills); Use of graphic organizer checklist for organizing larger writing assignments; Access to word bank as needed","Option to clarify or rephrase directions for tests; Directions to be read, clarified, or simplified as needed; Extended time for assessments (time and a half)"
1000000063,Michael,Baker,6,IEP,T000004298,2025-11-21,2025-12-12,2025-10-28,T000006385,T000003782,T000005098,T000007213,T000008901,T000001890,T000008728,"SDC: History,SDC: Science,Co-teach: English",,T000003394,T000003456,,T000003243,,,,,,,,,,true,false,"Use of calculator to check for computation accuracy when calculations are not the primary focus of the assessment; Simplified, repeated, or rephrased directions as needed; Access to notes or cloze notes","Simplify instructions or allow verbal clarification of math assessment items; Access to notes"
1000000064,Ella,Jones,7,IEP,T000009123,2025-11-02,2025-05-09,2025-01-05,T000005461,T000002904,T000009914,T000003232,T000005663,T000002308,T000006381,"Speech Therapy,OT Services",T000009123,,,,,,,,,,T000001339,T000008901,,,false,true,"Simplified, repeated, or rephrased directions as needed; Use of multiplication chart and calculator (when not assessing computational skills); Allow for short breaks","Shortened Assessments: (when appropriate and does not compromise the integrity of the learning objectives); Access to notes during tests when necessary"
1000000065,Joseph,Thomas,8,IEP,T000009663,2025-03-14,2025-01-01,2025-11-26,T000007799,T000003785,T000005827,T000001320,T000008090,T000006903,T000005824,"RSP: English,RSP: Math,RSP: Science",,,,,,,,,T000008413,T000002345,,,,,false,false,"Access to word bank as needed; Chunk instructions/visual checklists as needed; Check for understanding and work completion","Extended time for assessments (time and a half); Separate setting for assessments (RSP room or other smaller setting)"
1000000066,Camila,Clark,9,IEP,T000001890,2025-11-03,2025-12-22,2025-06-29,T000004689,T000009626,T000002072,T000008728,T000004751,T000008456,T000005678,"SDC: English,SDC: Math",,T000003394,,T000001801,,,,,,,,,T000005827,,true,false,"Preferential seating (near the point of instructions, near a positive peer, or an area with the least distractions); Use of multiplication chart and calculator (when not assessing computational skills)","Access to notes; Separate setting for assessments (RSP room or other smaller setting); Allow for test re-takes if the score is below average (less than 2 on a 4-point scale, less than 70%)"
1000000067,Luke,Nguyen,10,IEP,T000005329,2025-08-28,2025-08-26,2025-03-29,T000009322,T000008728,T000007123,T000008958,T000005461,T000002783,T000005663,"RSP: Reading,RSP: Math",,,,,,,,,,,,,,,false,false,"Allow for short breaks; Shortened assignments: when appropriate and when they do not compromise the integrity of the learning objectives, ensuring the student can demonstrate understanding as determined by the teacher; Use of multiplication chart and calculator (when not assessing computational skills); Access to multiplication chart and number line as needed","Access to notes during tests when necessary; Option to clarify or rephrase directions for tests"
1000000068,Eleanor,Carter,11,IEP,T000007123,2025-01-21,2025-08-04,2025-06-12,T000002308,T000004751,T000003456,T000005461,T000007482,T000004834,T000001366,"Co-teach: English,RSP: English",T000009123,,,,,,,,,,,,,,false,true,"Shortened assignments: when appropriate and when they do not compromise the integrity of the learning objectives, ensuring the student can demonstrate understanding as determined by the teacher; Use of graphic organizer checklist for organizing larger writing assignments; Chunk instructions/visual checklists as needed","Use of calculator to check for computation accuracy when calculations are not the primary focus of the assessment; Shortened Assessments: (when appropriate and does not compromise the integrity of the learning objectives)"
1000000069,Julian,Martinez,12,IEP,T000007213,2025-10-05,2025-09-22,2025-10-17,T000006945,T000007151,T000008901,T000007510,T000002587,T000008728,T000006244,"SDC: History,SDC: Science,Co-teach: English",,T000003394,,,,,,,,,,,,,true,false,"Use of calculator to check for computation accuracy when calculations are not the primary focus of the assessment; Use of graphic organizer checklist for organizing larger writing assignments","Use of calculator to check for computation accuracy when calculations are not the primary focus of the assessment; Access to notes; Separate setting for assessments (RSP room or other smaller setting)"
1000000070,Emma,Lee,6,IEP,T000001366,2025-10-13,2025-11-07,2025-05-17,T000009540,T000001890,T000008708,T000005329,T000007123,T000005437,T000009914,"Speech Therapy,OT Services",,,T000003456,,,T000006789,,,T000004298,,,,,T000007890,false,false,"Use of multiplication chart and calculator (when not assessing computational skills); Access to multiplication chart and number line as needed; Check for understanding and work completion; Allow for short breaks","Simplify instructions or allow verbal clarification of math assessment items; Shortened Assessments: (when appropriate and does not compromise the integrity of the learning objectives)"
1000000071,Mason,Young,7,IEP,T000006381,2025-01-28,2025-06-06,2025-08-04,T000005329,T000006385,T000009047,T000006903,T000009123,T000009540,T000009789,"RSP: English,RSP: Math,RSP: Science",,,,,,,,,,,,,,,false,false,"Access to notes or cloze notes; Allow use of sensory tools (e.g., fidgets, stress balls) if they help regulate focus; Allow for short breaks","Extended time for assessments (time and a half); Allow for test re-takes if the score is below average (less than 2 on a 4-point scale, less than 70%); Shortened Assessments: (when appropriate and does not compromise the integrity of the learning objectives)"
1000000072,Amelia,Nelson,8,IEP,T000002587,2025-02-23,2025-11-08,2025-08-03,T000004524,T000006244,T000004238,T000002072,T000003145,T000004298,T000007213,"SDC: English,SDC: Math",T000009123,T000003394,,,T000002072,,T000002053,,,,T000001339,,T000005827,,true,true,"Chunk instructions/visual checklists as needed; Access to multiplication chart and number line as needed; Use of calculator to check for computation accuracy when calculations are not the primary focus of the assessment; Access to audiobooks or other audio supports (teacher read aloud) for longer reading materials, as needed","Option to clarify or rephrase directions for tests; Extended time for assessments (time and a half)"
1000000073,Michael,Brown,9,IEP,T000006789,2025-08-09,2025-02-07,2025-03-02,T000009914,T000004689,T000009663,T000009789,T000001320,T000003456,T000006150,"RSP: Reading,RSP: Math",,,,,,,,,,,,,,,false,false,"Access to multiplication chart and number line as needed; Access to word bank as needed","Extended time for assessments (time and a half); Allow for test re-takes if the score is below average (less than 2 on a 4-point scale, less than 70%)"
1000000074,Ella,Anderson,10,IEP,T000004834,2025-05-29,2025-01-08,2025-05-06,T000005824,T000007510,T000006718,T000004567,T000008368,T000005043,T000005437,"Co-teach: English,RSP: English",,,,,,,,,,,,,,,false,false,"Shortened assignments: when appropriate and when they do not compromise the integrity of the learning objectives, ensuring the student can demonstrate understanding as determined by the teacher; Use of multiplication chart and calculator (when not assessing computational skills); Access to multiplication chart and number line as needed; Divide larger projects or assignments into manageable parts with incremental deadlines","Simplify instructions or allow verbal clarification of math assessment items; Extended time for assessments (time and a half); Shortened Assessments: (when appropriate and does not compromise the integrity of the learning objectives)"
1000000075,Joseph,Sanchez,11,IEP,T000007151,2025-07-29,2025-03-17,2025-04-24,T000002587,T000006945,T000008728,T000003124,T000006244,T000002904,T000004524,"SDC: History,SDC: Science,Co-teach: English",,T000003394,,,,,,T000004567,T000008413,,,,,,true,false,"Access to word bank as needed; Access to audiobooks or other audio supports (teacher read aloud) for longer reading materials, as needed","Use of calculator to check for computation accuracy when calculations are not the primary focus of the assessment; Shortened Assessments: (when appropriate and does not compromise the integrity of the learning objectives); Directions to be read, clarified, or simplified as needed"
1000000076,Camila,Torres,12,IEP,T000007482,2025-09-13,2025-09-07,2025-08-18,T000003394,T000005098,T000004378,T000001259,T000009540,T000008368,T000007123,"Speech Therapy,OT Services",T000009123,,,,,,,,,,,,,,false,true,"Allow use of sensory tools (e.g., fidgets, stress balls) if they help regulate focus; Use of graphic organizer checklist for organizing larger writing assignments","Extended time for assessments (time and a half); Simplify instructions or allow verbal clarification of math assessment items; Use of calculator to check for computation accuracy when calculations are not the primary focus of the assessment"
1000000077,Luke,Mitchell,6,IEP,T000003243,2025-01-08,2025-06-08,2025-10-15,T000001801,T000004524,T000002815,T000009663,T000005827,T000006381,T000005528,"RSP: English,RSP: Math,RSP: Science",,,T000003456,T000003401,,,,,,,,,,,false,false,"Shortened assignments: when appropriate and when they do not compromise the integrity of the learning objectives, ensuring the student can demonstrate understanding as determined by the teacher; Access to word bank as needed","Simplify instructions or allow verbal clarification of math assessment items; Directions to be read, clarified, or simplified as needed"
1000000078,Eleanor,Rodriguez,7,504,T000003124,2025-01-04,2025-10-29,2025-12-09,T000002072,T000002346,T000006244,T000009626,T000008456,T000004524,T000003785,"SDC: English,SDC: Math",,T000003394,,,,,,,,T000002345,,,T000005827,,true,false,"Allow for short breaks; Use of calculator to check for computation accuracy when calculations are not the primary focus of the assessment; Preferential seating (near the point of instructions, near a positive peer, or an area with the least distractions); Access to word bank as needed","Separate setting for assessments (RSP room or other smaller setting); Access to notes during tests when necessary; Allow for test re-takes if the score is below average (less than 2 on a 4-point scale, less than 70%)"
1000000079,Julian,Martin,8,504,T000006718,2025-08-19,2025-06-23,2025-12-10,T000003243,T000002587,T000009322,T000008368,T000005432,T000008413,T000006846,"RSP: Reading,RSP: Math",,,,,,,,,,,,,,,false,false,"Allow for short breaks; Simplified, repeated, or rephrased directions as needed; Shortened assignments: when appropriate and when they do not compromise the integrity of the learning objectives, ensuring the student can demonstrate understanding as determined by the teacher; Check for understanding and work completion","Extended time for assessments (time and a half); Allow for test re-takes if the score is below average (less than 2 on a 4-point scale, less than 70%)"
1000000080,Emma,Walker,9,504,T000005461,2025-01-21,2025-07-23,2025-03-06,T000002053,T000004298,T000007482,T000006846,T000001259,T000004567,T000005329,"Co-teach: English,RSP: English",T000009123,,,,,,,,T000004298,,T000001339,T000008901,,T000007890,false,true,"Use of graphic organizer checklist for organizing larger writing assignments; Allow use of sensory tools (e.g., fidgets, stress balls) if they help regulate focus","Extended time for assessments (time and a half); Simplify instructions or allow verbal clarification of math assessment items; Use of calculator to check for computation accuracy when calculations are not the primary focus of the assessment"
1000000081,Mason,Adams,10,504,T000002346,2025-09-17,2025-02-13,2025-01-24,T000008456,T000002072,T000004524,T000004689,T000003785,T000003145,T000001339,"SDC: History,SDC: Science,Co-teach: English",,T000003394,,,T000003243,,,,,,,,,,true,false,"Use of graphic organizer checklist for organizing larger writing assignments; Divide larger projects or assignments into manageable parts with incremental deadlines; Allow use of sensory tools (e.g., fidgets, stress balls) if they help regulate focus; Preferential seating (near the point of instructions, near a positive peer, or an area with the least distractions)","Use of calculator to check for computation accuracy when calculations are not the primary focus of the assessment; Allow for test re-takes if the score is below average (less than 2 on a 4-point scale, less than 70%)"
1000000082,Amelia,Williams,11,504,T000003456,2025-01-04,2025-10-21,2025-01-07,T000001234,T000001339,T000006903,T000007482,T000004378,T000006718,T000008708,"Speech Therapy,OT Services",,,,,,,,,,,,,,,false,false,"Access to multiplication chart and number line as needed; Use of multiplication chart and calculator (when not assessing computational skills); Check for understanding and work completion","Separate setting for assessments (RSP room or other smaller setting); Access to notes; Allow for test re-takes if the score is below average (less than 2 on a 4-point scale, less than 70%)"
1000000083,Michael,Wilson,12,504,T000008402,2025-03-11,2025-08-04,2025-05-02,T000003456,T000008456,T000001801,T000009914,T000007799,T000007792,T000008090,"RSP: English,RSP: Math,RSP: Science",,,,,,,,,,,,,,,false,false,"Use of multiplication chart and calculator (when not assessing computational skills); Check for understanding and work completion; Access to audiobooks or other audio supports (teacher read aloud) for longer reading materials, as needed; Access to multiplication chart and number line as needed","Separate setting for assessments (RSP room or other smaller setting); Option to clarify or rephrase directions for tests; Allow for test re-takes if the score is below average (less than 2 on a 4-point scale, less than 70%)"
1000000084,Ella,Harris,6,504,T000004751,2025-06-07,2025-08-27,2025-07-21,T000002345,T000005678,T000001339,T000004298,T000005098,T000007510,T000001890,"SDC: English,SDC: Math",T000009123,T000003394,T000003456,,,T000006789,T000002053,,,,,,T000005827,,true,true,"Simplified, repeated, or rephrased directions as needed; Check for understanding and work completion; Chunk instructions/visual checklists as needed","Allow for test re-takes if the score is below average (less than 2 on a 4-point scale, less than 70%); Use of calculator to check for computation accuracy when calculations are not the primary focus of the assessment; Separate setting for assessments (RSP room or other smaller setting)"
1000000085,Joseph,Scott,7,504,T000002308,2025-08-12,2025-11-17,2025-01-13,T000004567,T000002345,T000001234,T000002053,T000003394,T000005824,T000009540,"RSP: Reading,RSP: Math",,,,,,,,,T000008413,,,,,,false,false,"Allow for short breaks; Use of graphic organizer checklist for organizing larger writing assignments","Access to notes; Access to notes during tests when necessary; Extended time for assessments (time and a half)"
1000000086,Camila,Campbell,8,504,T000003401,2025-05-27,2025-06-01,2025-08-10,T000009123,T000008901,T000006789,T000007890,T000009789,T000007123,T000008413,"Co-teach: English,RSP: English",,,,,,,,,,,,,,,false,false,"Allow for short breaks; Access to audiobooks or other audio supports (teacher read aloud) for longer reading materials, as needed","Separate setting for assessments (RSP room or other smaller setting); Option to clarify or rephrase directions for tests"
1000000087,Luke,Davis,9,504,T000008170,2025-12-04,2025-04-12,2025-05-14,T000008170,T000008170,T000008170,T000008170,T000008170,T000008170,T000008170,"SDC: History,SDC: Science,Co-teach: English",,T000003394,,,,,,,,,,,,,true,false,"Extended time on assignments (up to 2 weeks, not to exceed the grading period); Use of calculator to check for computation accuracy when calculations are not the primary focus of the assessment; Access to word bank as needed; Simplified, repeated, or rephrased directions as needed","Allow for test re-takes if the score is below average (less than 2 on a 4-point scale, less than 70%); Option to clarify or rephrase directions for tests"
1000000088,Eleanor,Jackson,10,504,T000008090,2025-04-12,2025-11-25,2025-04-22,T000008708,T000003124,T000005043,T000009047,T000008402,T000003232,T000009663,"Speech Therapy,OT Services",T000009123,,,T000001801,,,,,,,T000001339,,,,false,true,"Access to notes or cloze notes; Chunk instructions/visual checklists as needed","Simplify instructions or allow verbal clarification of math assessment items; Access to notes during tests when necessary; Use of calculator to check for computation accuracy when calculations are not the primary focus of the assessment"
1000000089,Julian,Robinson,11,504,T000006846,2025-03-27,2025-01-15,2025-04-16,T000005528,T000007213,T000001259,T000004834,T000006718,T000008825,T000008958,"RSP: English,RSP: Math,RSP: Science",,,,,,,,,,,,,,,false,false,"Use of calculator to check for computation accuracy when calculations are not the primary focus of the assessment; Divide larger projects or assignments into manageable parts with incremental deadlines; Allow for breaks when needed; Allow for short breaks","Simplify instructions or allow verbal clarification of math assessment items; Directions to be read, clarified, or simplified as needed; Allow for test re-takes if the score is below average (less than 2 on a 4-point scale, less than 70%)"
1000000090,Emma,Green,12,504,T000004524,2025-09-18,2025-11-07,2025-07-19,T000007213,T000003145,T000003782,T000003785,T000007151,T000006385,T000006945,"SDC: English,SDC: Math",,T000003394,,,T000002072,,,T000004567,T000004298,,,,T000005827,T000007890,true,false,"Preferential seating (near the point of instructions, near a positive peer, or an area with the least distractions); Access to notes or cloze notes; Access to audiobooks or other audio supports (teacher read aloud) for longer reading materials, as needed; Allow for breaks when needed","Option to clarify or rephrase directions for tests; Access to notes; Shortened Assessments: (when appropriate and does not compromise the integrity of the learning objectives)"
1000000091,Mason,Johnson,6,504,T000009789,2025-02-01,2025-10-11,2025-12-21,T000005663,T000004238,T000001320,T000009772,T000006381,T000007482,T000003401,"RSP: Reading,RSP: Math",,,T000003456,,,,,,,T000002345,,,,,false,false,"Simplified, repeated, or rephrased directions as needed; Use of graphic organizer checklist for organizing larger writing assignments; Access to notes or cloze notes; Check for understanding and work completion","Separate setting for assessments (RSP room or other smaller setting); Directions to be read, clarified, or simplified as needed; Access to notes"
1000000092,Amelia,Gonzalez,7,504,T000005663,2025-07-10,2025-06-27,2025-07-19,T000001259,T000003782,T000001366,T000007792,T000005329,T000003394,T000009123,"Co-teach: English,RSP: English",T000009123,,,,,,,,,,,,,,false,true,"Use of multiplication chart and calculator (when not assessing computational skills); Access to multiplication chart and number line as needed; Allow for breaks when needed","Extended time for assessments (time and a half); Allow for test re-takes if the score is below average (less than 2 on a 4-point scale, less than 70%)"
1000000093,Michael,White,8,504,T000008728,2025-02-12,2025-11-06,2025-02-16,T000004238,T000002904,T000004751,T000006244,T000004298,T000005678,T000003782,"SDC: History,SDC: Science,Co-teach: English",,T000003394,,,,,,,,,,,,,true,false,"Use of multiplication chart and calculator (when not assessing computational skills); Access to multiplication chart and number line as needed; Check for understanding and work completion","Option to clarify or rephrase directions for tests; Simplify instructions or allow verbal clarification of math assessment items"
1000000094,Ella,Wright,9,504,T000008662,2025-05-13,2025-11-12,2025-12-12,T000004834,T000003785,T000007792,T000002308,T000001234,T000005528,T000004378,"Speech Therapy,OT Services",,,,,,,,,,,,,,,false,false,"Chunk instructions/visual checklists as needed; Simplified, repeated, or rephrased directions as needed; Divide larger projects or assignments into manageable parts with incremental deadlines","Separate setting for assessments (RSP room or other smaller setting); Allow for test re-takes if the score is below average (less than 2 on a 4-point scale, less than 70%); Option to clarify or rephrase directions for tests"
1000000095,Joseph,Rivera,10,504,T000003394,2025-12-01,2025-10-12,2025-10-04,T000004400,T000009626,T000005437,T000005810,T000002783,T000009663,T000002308,"RSP: English,RSP: Math,RSP: Science",,,,,,,,,T000008413,,,,,,false,false,"Use of multiplication chart and calculator (when not assessing computational skills); Extended time on assignments (up to 2 weeks, not to exceed the grading period)","Option to clarify or rephrase directions for tests; Shortened Assessments: (when appropriate and does not compromise the integrity of the learning objectives)"
1000000096,Camila,Miller,11,504,T000008901,2025-09-19,2025-08-05,2025-11-15,T000002904,T000008728,T000004689,T000002587,T000004238,T000004751,T000004298,"SDC: English,SDC: Math",T000009123,T000003394,,,,,T000002053,,,,T000001339,T000008901,T000005827,,true,true,"Divide larger projects or assignments into manageable parts with incremental deadlines; Use of multiplication chart and calculator (when not assessing computational skills); Allow use of sensory tools (e.g., fidgets, stress balls) if they help regulate focus; Access to multiplication chart and number line as needed","Extended time for assessments (time and a half); Access to notes during tests when necessary; Access to notes"
1000000097,Luke,Moore,12,504,T000004400,2025-12-21,2025-08-14,2025-08-09,T000001320,T000004751,T000005406,T000008413,T000006150,T000007799,T000004567,"RSP: Reading,RSP: Math",,,,,,,,,,,,,,,false,false,"Use of calculator to check for computation accuracy when calculations are not the primary focus of the assessment; Extended time on assignments (up to 2 weeks, not to exceed the grading period)","Directions to be read, clarified, or simplified as needed; Access to notes"
1000000098,Eleanor,Lewis,6,504,T000007792,2025-08-28,2025-02-01,2025-06-26,T000006718,T000007151,T000005329,T000001234,T000008958,T000005810,T000003232,"Co-teach: English,RSP: English",,,T000003456,,,T000006789,,,,,,,,,false,false,"Simplified, repeated, or rephrased directions as needed; Shortened assignments: when appropriate and when they do not compromise the integrity of the learning objectives, ensuring the student can demonstrate understanding as determined by the teacher; Access to notes or cloze notes","Access to notes; Allow for test re-takes if the score is below average (less than 2 on a 4-point scale, less than 70%); Access to notes during tests when necessary"
1000000099,Julian,Flores,7,504,T000005098,2025-06-28,2025-07-30,2025-02-14,T000009626,T000001890,T000002346,T000008901,T000004689,T000002072,T000004751,"SDC: History,SDC: Science,Co-teach: English",,T000003394,,T000003401,T000003243,,,,,,,,,,true,false,"Allow for breaks when needed; Preferential seating (near the point of instructions, near a positive peer, or an area with the least distractions); Access to word bank as needed","Extended time for assessments (time and a half); Allow for test re-takes if the score is below average (less than 2 on a 4-point scale, less than 70%); Shortened Assessments: (when appropriate and does not compromise the integrity of the learning objectives)"
1000000100,Emma,Smith,8,504,T000002053,2025-12-09,2025-01-22,2025-11-12,T000008825,T000006385,T000003394,T000005528,T000005810,T000006789,T000009322,"Speech Therapy,OT Services",T000009123,,,,,,,,T000004298,,,,,T000007890,false,true,"Divide larger projects or assignments into manageable parts with incremental deadlines; Access to audiobooks or other audio supports (teacher read aloud) for longer reading materials, as needed; Allow for short breaks; Chunk instructions/visual checklists as needed","Extended time for assessments (time and a half); Access to notes during tests when necessary"
1000000101,Mason,Lopez,9,504,T000005043,2025-07-09,2025-08-20,2025-10-06,T000009772,T000006244,T000008413,T000008402,T000001801,T000005663,T000005827,"RSP: English,RSP: Math,RSP: Science",,,,,,,,,,,,,,,false,false,"Use of multiplication chart and calculator (when not assessing computational skills); Preferential seating (near the point of instructions, near a positive peer, or an area with the least distractions); Allow use of sensory tools (e.g., fidgets, stress balls) if they help regulate focus; Allow for short breaks","Extended time for assessments (time and a half); Allow for test re-takes if the score is below average (less than 2 on a 4-point scale, less than 70%); Simplify instructions or allow verbal clarification of math assessment items"
1000000102,Amelia,Thompson,10,504,T000009626,2025-01-14,2025-12-11,2025-02-14,T000004751,T000004689,T000008456,T000002904,T000005678,T000003785,T000002345,"SDC: English,SDC: Math",,T000003394,,,,,,,,,,,T000005827,,true,false,"Use of calculator to check for computation accuracy when calculations are not the primary focus of the assessment; Simplified, repeated, or rephrased directions as needed","Access to notes; Separate setting for assessments (RSP room or other smaller setting); Access to notes during tests when necessary"
1000000103,Michael,King,11,504,T000007799,2025-01-29,2025-06-05,2025-02-20,T000004378,T000007510,T000007890,T000001366,T000008708,T000008958,T000008402,"RSP: Reading,RSP: Math",,,,,,,,,,,,,,,false,false,"Check for understanding and work completion; Allow use of sensory tools (e.g., fidgets, stress balls) if they help regulate focus","Access to notes; Directions to be read, clarified, or simplified as needed"
1000000104,Ella,Hall,12,504,T000006903,2025-01-20,2025-04-13,2025-06-26,T000008958,T000006945,T000009123,T000004378,T000003232,T000009322,T000009772,"Co-teach: English,RSP: English",T000009123,,,,,,,,,T000002345,T000001339,,,,false,true,"Use of calculator to check for computation accuracy when calculations are not the primary focus of the assessment; Use of multiplication chart and calculator (when not assessing computational skills)","Shortened Assessments: (when appropriate and does not compromise the integrity of the learning objectives); Separate setting for assessments (RSP room or other smaller setting)"
1000000105,Joseph,Garcia,6,504,T000002345,2025-01-14,2025-05-09,2025-12-27,T000001890,T000005098,T000003124,T000006385,T000009626,T000002346,T000004689,"SDC: History,SDC: Science,Co-teach: English",,T000003394,T000003456,,,,,T000004567,T000008413,,,,,,true,false,"Access to multiplication chart and number line as needed; Use of multiplication chart and calculator (when not assessing computational skills); Preferential seating (near the point of instructions, near a positive peer, or an area with the least distractions); Use of calculator to check for computation accuracy when calculations are not the primary focus of the assessment","Access to notes; Access to notes during tests when necessary"
1000000106,Camila,Taylor,7,504,T000003232,2025-04-22,2025-03-05,2025-05-02,T000006846,T000004524,T000005663,T000008662,T000007792,T000002053,T000006903,"Speech Therapy,OT Services",,,,,,,,,,,,,,,false,false,"Allow for breaks when needed; Extended time on assignments (up to 2 weeks, not to exceed the grading period); Use of multiplication chart and calculator (when not assessing computational skills)","Directions to be read, clarified, or simplified as needed; Extended time for assessments (time and a half)"
1000000107,Luke,Ramirez,8,504,T000004378,2025-09-26,2025-06-06,2025-03-28,T000005437,T000002346,T000003232,T000009540,T000008662,T000005432,T000003456,"RSP: English,RSP: Math,RSP: Science",,,,,,,,,,,,,,,false,false,"Use of calculator to check for computation accuracy when calculations are not the primary focus of the assessment; Extended time on assignments (up to 2 weeks, not to exceed the grading period)","Access to notes during tests when necessary; Directions to be read, clarified, or simplified as needed"
1000000108,Eleanor,Hill,9,504,T000006945,2025-08-30,2025-07-23,2025-11-29,T000006244,T000002587,T000002904,T000002346,T000004524,T000004238,T000003145,"SDC: English,SDC: Math",T000009123,T000003394,,,T000002072,,T000002053,,,,,,T000005827,,true,true,"Extended time on assignments (up to 2 weeks, not to exceed the grading period); Use of graphic organizer checklist for organizing larger writing assignments; Allow for breaks when needed","Extended time for assessments (time and a half); Use of calculator to check for computation accuracy when calculations are not the primary focus of the assessment; Option to clarify or rephrase directions for tests"
1000000109,Julian,Roberts,10,504,T000008413,2025-04-29,2025-09-01,2025-10-14,T000006381,T000004298,T000006150,T000001801,T000003401,T000001366,T000008825,"RSP: Reading,RSP: Math",,,,,,,,,,,,,,,false,false,"Preferential seating (near the point of instructions, near a positive peer, or an area with the least distractions); Chunk instructions/visual checklists as needed; Allow for breaks when needed","Simplify instructions or allow verbal clarification of math assessment items; Directions to be read, clarified, or simplified as needed; Access to notes during tests when necessary"
1000000110,Emma,Hernandez,11,504,T000008708,2025-10-02,2025-11-08,2025-02-11,T000008662,T000002072,T000009772,T000007123,T000003456,T000006846,T000007799,"Co-teach: English,RSP: English",,,,T000001801,,,,,T000004298,,,,,T000007890,false,false,"Allow for breaks when needed; Access to notes or cloze notes; Simplified, repeated, or rephrased directions as needed; Extended time on assignments (up to 2 weeks, not to exceed the grading period)","Separate setting for assessments (RSP room or other smaller setting); Simplify instructions or allow verbal clarification of math assessment items; Shortened Assessments: (when appropriate and does not compromise the integrity of the learning objectives)"