sourcedId,givenName,familyName,middleName,email,phone,dateOfBirth,sex,grade,school,schoolCode,schoolName,Address,City,State,ZipCode,ParentName,ParentPhone,ParentEmail,CaseManager,ServiceMinutes,Goals,Notes,Plan,SpeechProvider,MHProvider,OTProvider,MedicalNotes,Vision,Hearing,CAASPP,ELPAC,period1TeacherId,period1Subject,period1Room,period2TeacherId,period2Subject,period2Room,period3TeacherId,period3Subject,period3Room,period4TeacherId,period4Subject,period4Room,period5TeacherId,period5Subject,period5Room,period6TeacherId,period6Subject,period6Room,period7TeacherId,period7Subject,period7Room
123456790,First1,Last1,B,student1@school.edu,555-0101,2008-02-02,M,9,Central High School,CHS,Central High School,101 Main St,Anytown,CA,90210,Parent1,555-0201,parent1@email.com,CaseManager4,90,Goal for student 1,Notes for student 1,Plan 2,Speech1,MH1,OT1,None,20/20,Normal,Proficient,Advanced,100032,Photography,101,1000339,Algebra,203,1000330,Geometry,106,1000340,History,103,1000340,Art,304,1000316,World History,310,1000327,Environmental Science,202
123456791,First2,Last2,C,student2@school.edu,555-0102,2008-03-03,F,10,Central High School,CHS,Central High School,102 Main St,Anytown,CA,90210,Parent2,555-0202,parent2@email.com,CaseManager4,120,Goal for student 2,Notes for student 2,Plan 3,Speech2,MH1,OT2,None,20/20,Normal,Proficient,Advanced,1000331,French,110,100031,Environmental Science,305,1000334,History,201,100000,Physical Science,306,1000328,Drama,105,1000327,Biology,106,100032,Economics,207
123456792,First3,Last3,D,student3@school.edu,555-0103,2008-04-04,M,11,Central High School,CHS,Central High School,103 Main St,Anytown,CA,90210,Parent3,555-0203,parent3@email.com,CaseManager1,150,Goal for student 3,Notes for student 3,Plan 1,Speech3,MH2,OT1,None,20/20,Normal,Proficient,Advanced,1000314,World History,309,100034,Chemistry,105,1000313,History,202,1000335,US History,205,100038,Grammar,109,100035,Health,307,1000312,Psychology,310
123456793,First4,Last4,E,student4@school.edu,555-0104,2008-05-05,F,8,Central High School,CHS,Central High School,104 Main St,Anytown,CA,90210,Parent4,555-0204,parent4@email.com,CaseManager1,60,Goal for student 4,Notes for student 4,Plan 1,Speech3,MH1,OT2,None,20/20,Normal,Proficient,Advanced,1000325,Physical Education,103,100033,Geometry,308,100038,Photography,210,1000324,Computer Science,310,1000324,Biology,208,1000314,Drama,201,1000322,Government,305
123456794,First5,Last5,F,student5@school.edu,555-0105,2008-06-06,M,9,Central High School,CHS,Central High School,105 Main St,Anytown,CA,90210,Parent5,555-0205,parent5@email.com,CaseManager2,90,Goal for student 5,Notes for student 5,Plan 1,Speech3,MH1,OT1,None,20/20,Normal,Proficient,Advanced,1000344,Physical Education,203,1000343,Grammar,301,100036,Environmental Science,307,1000312,Algebra,310,1000326,History,102,100034,Music Theory,303,1000310,Art,107
123456795,First6,Last6,G,student6@school.edu,555-0106,2008-07-07,F,10,Central High School,CHS,Central High School,106 Main St,Anytown,CA,90210,Parent6,555-0206,parent6@email.com,CaseManager5,120,Goal for student 6,Notes for student 6,Plan 2,Speech3,MH1,OT2,None,20/20,Normal,Proficient,Advanced,1000318,Physical Science,308,1000326,Psychology,206,100037,Photography,210,100032,Sociology,304,1000331,Geometry,109,1000333,Drama,309,1000313,World History,303
123456796,First7,Last7,H,student7@school.edu,555-0107,2008-08-08,M,11,Central High School,CHS,Central High School,107 Main St,Anytown,CA,90210,Parent7,555-0207,parent7@email.com,CaseManager5,150,Goal for student 7,Notes for student 7,Plan 1,Speech2,MH2,OT1,None,20/20,Normal,Proficient,Advanced,1000321,Physics,205,1000326,Geometry,105,1000331,English,210,1000320,Physical Science,308,1000338,History,201,100034,World History,207,100031,Writing,202
123456797,First8,Last8,I,student8@school.edu,555-0108,2008-09-09,F,8,Central High School,CHS,Central High School,108 Main St,Anytown,CA,90210,Parent8,555-0208,parent8@email.com,CaseManager4,60,Goal for student 8,Notes for student 8,Plan 1,Speech2,MH2,OT1,None,20/20,Normal,Proficient,Advanced,1000313,English,301,1000320,History,202,1000324,Calculus,104,1000324,Science,305,1000330,Computer Science,301,1000341,Government,302,1000319,Drama,103
123456798,First9,Last9,J,student9@school.edu,555-0109,2008-10-10,M,9,Central High School,CHS,Central High School,109 Main St,Anytown,CA,90210,Parent9,555-0209,parent9@email.com,CaseManager3,90,Goal for student 9,Notes for student 9,Plan 1,Speech3,MH2,OT2,None,20/20,Normal,Proficient,Advanced,1000319,Physics,210,1000311,Cooking,101,1000345,Biology,201,1000322,Science,108,1000327,Science,203,1000328,Literature,310,1000326,Psychology,203
123456799,First10,Last10,K,student10@school.edu,555-0110,2008-11-11,F,10,Central High School,CHS,Central High School,110 Main St,Anytown,CA,90210,Parent10,555-0210,parent10@email.com,CaseManager2,120,Goal for student 10,Notes for student 10,Plan 3,Speech2,MH1,OT1,None,20/20,Normal,Proficient,Advanced,1000344,Economics,310,1000330,Physics,309,1000341,Health,203,100031,Geography,305,1000326,Literature,303,1000326,Economics,210,100039,Algebra,304
123456800,First11,Last11,L,student11@school.edu,555-0111,2008-12-12,M,11,Central High School,CHS,Central High School,111 Main St,Anytown,CA,90210,Parent11,555-0211,parent11@email.com,CaseManager3,150,Goal for student 11,Notes for student 11,Plan 3,Speech1,MH2,OT2,None,20/20,Normal,Proficient,Advanced,1000317,Math,301,100031,Music,303,1000319,Photography,110,100037,Photography,101,1000334,Math,204,1000344,French,204,1000323,Biology,307
123456801,First12,Last12,M,student12@school.edu,555-0112,2008-01-13,F,8,Central High School,CHS,Central High School,112 Main St,Anytown,CA,90210,Parent12,555-0212,parent12@email.com,CaseManager3,60,Goal for student 12,Notes for student 12,Plan 2,Speech3,MH2,OT2,None,20/20,Normal,Proficient,Advanced,1000310,Science,306,100036,Government,310,1000319,English,210,1000337,US History,309,1000320,Drama,101,1000327,Calculus,303,1000336,English,205
123456802,First13,Last13,N,student13@school.edu,555-0113,2008-02-14,M,9,Central High School,CHS,Central High School,113 Main St,Anytown,CA,90210,Parent13,555-0213,parent13@email.com,CaseManager5,90,Goal for student 13,Notes for student 13,Plan 3,Speech3,MH2,OT2,None,20/20,Normal,Proficient,Advanced,1000324,Environmental Science,309,1000330,Health,309,1000326,Writing,202,100039,French,302,1000341,Science,206,1000342,Drama,107,1000317,Drama,301
123456803,First14,Last14,O,student14@school.edu,555-0114,2008-03-15,F,10,Central High School,CHS,Central High School,114 Main St,Anytown,CA,90210,Parent14,555-0214,parent14@email.com,CaseManager2,120,Goal for student 14,Notes for student 14,Plan 1,Speech3,MH1,OT2,None,20/20,Normal,Proficient,Advanced,100031,Sociology,301,1000340,Physics,104,1000334,Economics,210,1000333,French,307,100031,World History,201,100039,Chemistry,106,1000343,Chemistry,102
123456804,First15,Last15,P,student15@school.edu,555-0115,2008-04-16,M,11,Central High School,CHS,Central High School,115 Main St,Anytown,CA,90210,Parent15,555-0215,parent15@email.com,CaseManager5,150,Goal for student 15,Notes for student 15,Plan 3,Speech3,MH1,OT1,None,20/20,Normal,Proficient,Advanced,1000329,Art,201,1000322,Science,106,1000341,Chemistry,202,1000318,Photography,101,1000318,Environmental Science,310,1000337,Art,203,1000315,Geometry,310
123456805,First16,Last16,Q,student16@school.edu,555-0116,2008-05-17,F,8,Central High School,CHS,Central High School,116 Main St,Anytown,CA,90210,Parent16,555-0216,parent16@email.com,CaseManager5,60,Goal for student 16,Notes for student 16,Plan 3,Speech3,MH2,OT2,None,20/20,Normal,Proficient,Advanced,1000331,Grammar,306,1000318,Computer Science,306,1000329,Music,205,1000325,Math,301,1000311,Art,104,100033,Writing,303,1000339,Music Theory,201
123456806,First17,Last17,R,student17@school.edu,555-0117,2008-06-18,M,9,Central High School,CHS,Central High School,117 Main St,Anytown,CA,90210,Parent17,555-0217,parent17@email.com,CaseManager5,90,Goal for student 17,Notes for student 17,Plan 1,Speech1,MH1,OT2,None,20/20,Normal,Proficient,Advanced,1000327,German,203,1000341,Calculus,304,1000332,Health,301,1000337,Cooking,202,100031,Writing,305,100035,Health,110,1000335,Psychology,209
123456807,First18,Last18,S,student18@school.edu,555-0118,2008-07-19,F,10,Central High School,CHS,Central High School,118 Main St,Anytown,CA,90210,Parent18,555-0218,parent18@email.com,CaseManager5,120,Goal for student 18,Notes for student 18,Plan 1,Speech1,MH1,OT2,None,20/20,Normal,Proficient,Advanced,1000341,Science,302,100033,US History,305,1000319,Calculus,205,1000316,English,210,1000342,Writing,309,100038,History,209,1000334,Photography,207
123456808,First19,Last19,T,student19@school.edu,555-0119,2008-08-20,M,11,Central High School,CHS,Central High School,119 Main St,Anytown,CA,90210,Parent19,555-0219,parent19@email.com,CaseManager3,150,Goal for student 19,Notes for student 19,Plan 1,Speech2,MH2,OT2,None,20/20,Normal,Proficient,Advanced,1000345,Physics,106,1000339,Writing,305,1000315,Music Theory,102,1000315,Math,310,1000319,Science,304,1000333,Photography,105,100035,World History,207
123456809,First20,Last20,U,student20@school.edu,555-0120,2008-09-21,F,8,Central High School,CHS,Central High School,120 Main St,Anytown,CA,90210,Parent20,555-0220,parent20@email.com,CaseManager3,60,Goal for student 20,Notes for student 20,Plan 1,Speech3,MH2,OT1,None,20/20,Normal,Proficient,Advanced,1000331,Environmental Science,202,1000332,Health,304,100034,Spanish,302,1000343,Music,201,1000321,Chemistry,109,1000330,History,110,100031,English,105
123456810,First21,Last21,V,student21@school.edu,555-0121,2008-10-22,M,9,Central High School,CHS,Central High School,121 Main St,Anytown,CA,90210,Parent21,555-0221,parent21@email.com,CaseManager1,90,Goal for student 21,Notes for student 21,Plan 3,Speech3,MH2,OT1,None,20/20,Normal,Proficient,Advanced,100039,Computer Science,102,1000315,Writing,308,1000312,German,209,1000311,Geometry,110,1000314,Government,109,100033,Art,105,1000330,Art,103
123456811,First22,Last22,W,student22@school.edu,555-0122,2008-11-23,F,10,Central High School,CHS,Central High School,122 Main St,Anytown,CA,90210,Parent22,555-0222,parent22@email.com,CaseManager2,120,Goal for student 22,Notes for student 22,Plan 3,Speech1,MH1,OT1,None,20/20,Normal,Proficient,Advanced,1000322,Spanish,109,100000,World History,306,1000341,English,101,100031,Calculus,110,1000340,Economics,309,1000314,Geography,109,100032,Sociology,206
123456812,First23,Last23,X,student23@school.edu,555-0123,2008-12-24,M,11,Central High School,CHS,Central High School,123 Main St,Anytown,CA,90210,Parent23,555-0223,parent23@email.com,CaseManager2,150,Goal for student 23,Notes for student 23,Plan 2,Speech1,MH2,OT2,None,20/20,Normal,Proficient,Advanced,1000338,Music Theory,306,1000317,Music Theory,204,100031,Environmental Science,306,1000327,Chemistry,206,1000345,Biology,306,1000310,Biology,202,1000341,Drama,104
123456813,First24,Last24,Y,student24@school.edu,555-0124,2008-01-25,F,8,Central High School,CHS,Central High School,124 Main St,Anytown,CA,90210,Parent24,555-0224,parent24@email.com,CaseManager2,60,Goal for student 24,Notes for student 24,Plan 3,Speech2,MH1,OT2,None,20/20,Normal,Proficient,Advanced,1000319,Physical Science,301,1000336,Grammar,301,1000325,Science,102,1000339,Physical Education,205,1000320,History,206,1000342,Drama,306,1000328,World History,303
123456814,First25,Last25,Z,student25@school.edu,555-0125,2008-02-26,M,9,Central High School,CHS,Central High School,125 Main St,Anytown,CA,90210,Parent25,555-0225,parent25@email.com,CaseManager2,90,Goal for student 25,Notes for student 25,Plan 3,Speech3,MH2,OT2,None,20/20,Normal,Proficient,Advanced,1000341,Photography,303,1000322,Calculus,104,1000313,Chemistry,105,100000,Physical Science,309,1000313,Psychology,101,100035,Calculus,207,1000314,Music,103
123456815,First26,Last26,A,student26@school.edu,555-0126,2008-03-27,F,10,Central High School,CHS,Central High School,126 Main St,Anytown,CA,90210,Parent26,555-0226,parent26@email.com,CaseManager5,120,Goal for student 26,Notes for student 26,Plan 2,Speech1,MH1,OT2,None,20/20,Normal,Proficient,Advanced,100034,Music Theory,104,1000341,Grammar,305,1000324,Geography,104,1000328,English,303,1000334,Environmental Science,104,1000338,Art,209,1000330,Chemistry,210
123456816,First27,Last27,B,student27@school.edu,555-0127,2008-04-28,M,11,Central High School,CHS,Central High School,127 Main St,Anytown,CA,90210,Parent27,555-0227,parent27@email.com,CaseManager2,150,Goal for student 27,Notes for student 27,Plan 2,Speech3,MH1,OT1,None,20/20,Normal,Proficient,Advanced,1000345,Health,106,1000316,Physical Science,106,100000,Spanish,104,1000311,Physical Science,202,1000339,French,107,1000327,Writing,104,100033,Economics,301
123456817,First28,Last28,C,student28@school.edu,555-0128,2008-05-01,F,8,Central High School,CHS,Central High School,128 Main St,Anytown,CA,90210,Parent28,555-0228,parent28@email.com,CaseManager2,60,Goal for student 28,Notes for student 28,Plan 1,Speech1,MH1,OT1,None,20/20,Normal,Proficient,Advanced,100000,Geography,103,1000336,Chemistry,102,1000326,Science,208,1000315,Music,206,100033,Photography,202,1000342,Physical Science,108,1000341,Government,209
123456818,First29,Last29,D,student29@school.edu,555-0129,2008-06-02,M,9,Central High School,CHS,Central High School,129 Main St,Anytown,CA,90210,Parent29,555-0229,parent29@email.com,CaseManager1,90,Goal for student 29,Notes for student 29,Plan 1,Speech3,MH1,OT2,None,20/20,Normal,Proficient,Advanced,1000341,French,102,1000339,Physics,309,1000325,Physics,207,1000342,Sociology,106,1000342,Geography,208,1000323,Spanish,201,1000319,Math,106
123456819,First30,Last30,E,student30@school.edu,555-0130,2008-07-03,F,10,Central High School,CHS,Central High School,130 Main St,Anytown,CA,90210,Parent30,555-0230,parent30@email.com,CaseManager4,120,Goal for student 30,Notes for student 30,Plan 1,Speech3,MH2,OT1,None,20/20,Normal,Proficient,Advanced,1000333,Government,105,1000336,Computer Science,102,1000330,World History,107,1000343,Cooking,207,100000,Spanish,202,1000337,Science,210,1000343,Physical Science,201
123456820,First31,Last31,F,student31@school.edu,555-0131,2008-08-04,M,11,Central High School,CHS,Central High School,131 Main St,Anytown,CA,90210,Parent31,555-0231,parent31@email.com,CaseManager3,150,Goal for student 31,Notes for student 31,Plan 2,Speech1,MH1,OT1,None,20/20,Normal,Proficient,Advanced,1000339,English,109,1000311,Economics,107,1000331,Sociology,308,1000312,Psychology,306,1000341,US History,301,1000335,Physical Science,208,100034,Sociology,104
123456821,First32,Last32,G,student32@school.edu,555-0132,2008-09-05,F,8,Central High School,CHS,Central High School,132 Main St,Anytown,CA,90210,Parent32,555-0232,parent32@email.com,CaseManager3,60,Goal for student 32,Notes for student 32,Plan 3,Speech2,MH2,OT1,None,20/20,Normal,Proficient,Advanced,1000343,Grammar,107,1000342,Music,107,1000322,Health,309,1000312,Photography,107,1000328,Spanish,207,1000344,Computer Science,210,100034,Cooking,108
123456822,First33,Last33,H,student33@school.edu,555-0133,2008-10-06,M,9,Central High School,CHS,Central High School,133 Main St,Anytown,CA,90210,Parent33,555-0233,parent33@email.com,CaseManager5,90,Goal for student 33,Notes for student 33,Plan 1,Speech2,MH2,OT2,None,20/20,Normal,Proficient,Advanced,1000343,Literature,209,1000338,Writing,306,1000313,Science,106,1000312,Health,205,1000311,Government,207,1000315,Biology,205,100034,Spanish,201
123456823,First34,Last34,I,student34@school.edu,555-0134,2008-11-07,F,10,Central High School,CHS,Central High School,134 Main St,Anytown,CA,90210,Parent34,555-0234,parent34@email.com,CaseManager1,120,Goal for student 34,Notes for student 34,Plan 1,Speech3,MH2,OT1,None,20/20,Normal,Proficient,Advanced,1000342,Psychology,310,1000333,History,301,1000341,Computer Science,208,1000311,Spanish,101,1000324,Photography,307,100038,Economics,203,100036,German,106
123456824,First35,Last35,J,student35@school.edu,555-0135,2008-12-08,M,11,Central High School,CHS,Central High School,135 Main St,Anytown,CA,90210,Parent35,555-0235,parent35@email.com,CaseManager1,150,Goal for student 35,Notes for student 35,Plan 2,Speech1,MH1,OT1,None,20/20,Normal,Proficient,Advanced,1000340,Art,103,1000333,Physical Science,204,100036,Physical Science,208,1000328,Music Theory,301,1000337,US History,308,1000321,Algebra,301,1000315,English,303
123456825,First36,Last36,K,student36@school.edu,555-0136,2008-01-09,F,8,Central High School,CHS,Central High School,136 Main St,Anytown,CA,90210,Parent36,555-0236,parent36@email.com,CaseManager1,60,Goal for student 36,Notes for student 36,Plan 2,Speech2,MH1,OT1,None,20/20,Normal,Proficient,Advanced,1000342,Physical Education,101,1000314,Art,209,1000323,Health,207,1000343,German,108,1000337,Geography,307,100035,English,103,1000322,Calculus,204
123456826,First37,Last37,L,student37@school.edu,555-0137,2008-02-10,M,9,Central High School,CHS,Central High School,137 Main St,Anytown,CA,90210,Parent37,555-0237,parent37@email.com,CaseManager5,90,Goal for student 37,Notes for student 37,Plan 3,Speech2,MH1,OT2,None,20/20,Normal,Proficient,Advanced,1000328,Music Theory,304,1000337,Cooking,202,1000332,Psychology,307,100036,US History,309,100038,US History,203,1000338,Economics,206,100032,Sociology,203
123456827,First38,Last38,M,student38@school.edu,555-0138,2008-03-11,F,10,Central High School,CHS,Central High School,138 Main St,Anytown,CA,90210,Parent38,555-0238,parent38@email.com,CaseManager4,120,Goal for student 38,Notes for student 38,Plan 3,Speech3,MH2,OT1,None,20/20,Normal,Proficient,Advanced,1000334,Government,203,1000334,Math,203,1000341,World History,305,1000328,Health,209,1000335,Environmental Science,306,1000318,Computer Science,303,100031,Grammar,107
123456828,First39,Last39,N,student39@school.edu,555-0139,2008-04-12,M,11,Central High School,CHS,Central High School,139 Main St,Anytown,CA,90210,Parent39,555-0239,parent39@email.com,CaseManager3,150,Goal for student 39,Notes for student 39,Plan 1,Speech3,MH2,OT2,None,20/20,Normal,Proficient,Advanced,1000343,Cooking,301,1000333,French,201,1000334,Science,108,100033,Calculus,204,1000341,Biology,209,1000334,Spanish,201,1000341,Biology,108
123456829,First40,Last40,O,student40@school.edu,555-0140,2008-05-13,F,8,Central High School,CHS,Central High School,140 Main St,Anytown,CA,90210,Parent40,555-0240,parent40@email.com,CaseManager5,60,Goal for student 40,Notes for student 40,Plan 1,Speech1,MH2,OT2,None,20/20,Normal,Proficient,Advanced,1000328,US History,101,1000320,German,201,1000335,Drama,203,100031,Photography,108,1000345,Music Theory,203,1000324,Biology,102,1000324,US History,305
123456830,First41,Last41,P,student41@school.edu,555-0141,2008-06-14,M,9,Central High School,CHS,Central High School,141 Main St,Anytown,CA,90210,Parent41,555-0241,parent41@email.com,CaseManager4,90,Goal for student 41,Notes for student 41,Plan 1,Speech1,MH1,OT1,None,20/20,Normal,Proficient,Advanced,1000320,Physics,201,1000317,Environmental Science,207,1000320,Photography,302,1000329,Physical Education,109,100033,Biology,104,100038,Geometry,102,1000330,Chemistry,301
123456831,First42,Last42,Q,student42@school.edu,555-0142,2008-07-15,F,10,Central High School,CHS,Central High School,142 Main St,Anytown,CA,90210,Parent42,555-0242,parent42@email.com,CaseManager2,120,Goal for student 42,Notes for student 42,Plan 3,Speech1,MH2,OT1,None,20/20,Normal,Proficient,Advanced,100035,US History,105,100033,History,110,1000337,Economics,207,100000,Economics,102,1000324,Art,310,1000310,Literature,307,1000316,Literature,205
123456832,First43,Last43,R,student43@school.edu,555-0143,2008-08-16,M,11,Central High School,CHS,Central High School,143 Main St,Anytown,CA,90210,Parent43,555-0243,parent43@email.com,CaseManager5,150,Goal for student 43,Notes for student 43,Plan 2,Speech3,MH1,OT2,None,20/20,Normal,Proficient,Advanced,1000338,French,205,1000315,Math,104,100034,Psychology,203,1000327,Health,209,1000312,Physical Education,301,1000332,Calculus,302,1000340,Physical Science,110
123456833,First44,Last44,S,student44@school.edu,555-0144,2008-09-17,F,8,Central High School,CHS,Central High School,144 Main St,Anytown,CA,90210,Parent44,555-0244,parent44@email.com,CaseManager4,60,Goal for student 44,Notes for student 44,Plan 1,Speech2,MH2,OT1,None,20/20,Normal,Proficient,Advanced,1000323,Government,204,1000321,Physical Education,206,1000332,Physics,103,1000321,US History,108,1000318,Sociology,304,1000339,German,301,1000344,German,302
123456834,First45,Last45,T,student45@school.edu,555-0145,2008-10-18,M,9,Central High School,CHS,Central High School,145 Main St,Anytown,CA,90210,Parent45,555-0245,parent45@email.com,CaseManager3,90,Goal for student 45,Notes for student 45,Plan 3,Speech2,MH2,OT2,None,20/20,Normal,Proficient,Advanced,1000317,Geography,205,1000327,Government,201,1000343,Calculus,302,1000315,Geometry,209,1000314,Biology,308,1000324,Economics,205,1000318,Calculus,109
123456835,First46,Last46,U,student46@school.edu,555-0146,2008-11-19,F,10,Central High School,CHS,Central High School,146 Main St,Anytown,CA,90210,Parent46,555-0246,parent46@email.com,CaseManager2,120,Goal for student 46,Notes for student 46,Plan 3,Speech3,MH2,OT2,None,20/20,Normal,Proficient,Advanced,100034,Grammar,207,1000314,History,203,1000318,Calculus,103,1000319,World History,201,1000316,Government,301,1000329,Music Theory,106,1000339,Physical Science,309
123456836,First47,Last47,V,student47@school.edu,555-0147,2008-12-20,M,11,Central High School,CHS,Central High School,147 Main St,Anytown,CA,90210,Parent47,555-0247,parent47@email.com,CaseManager3,150,Goal for student 47,Notes for student 47,Plan 2,Speech2,MH2,OT1,None,20/20,Normal,Proficient,Advanced,1000318,Environmental Science,206,1000334,Science,302,1000316,Biology,303,1000319,German,204,100035,Grammar,101,1000332,Economics,209,1000316,Calculus,101
123456837,First48,Last48,W,student48@school.edu,555-0148,2008-01-21,F,8,Central High School,CHS,Central High School,148 Main St,Anytown,CA,90210,Parent48,555-0248,parent48@email.com,CaseManager2,60,Goal for student 48,Notes for student 48,Plan 1,Speech1,MH2,OT2,None,20/20,Normal,Proficient,Advanced,1000317,Government,205,1000317,Geometry,105,1000316,US History,106,1000341,Physics,310,1000334,Biology,209,1000330,English,102,1000315,Writing,306
123456838,First49,Last49,X,student49@school.edu,555-0149,2008-02-22,M,9,Central High School,CHS,Central High School,149 Main St,Anytown,CA,90210,Parent49,555-0249,parent49@email.com,CaseManager5,90,Goal for student 49,Notes for student 49,Plan 3,Speech2,MH1,OT2,None,20/20,Normal,Proficient,Advanced,1000329,German,301,1000338,World History,303,1000315,Calculus,104,1000317,Biology,106,1000339,Art,209,100032,Physical Science,204,1000336,Geometry,207
123456839,First50,Last50,Y,student50@school.edu,555-0150,2008-03-23,F,10,Central High School,CHS,Central High School,150 Main St,Anytown,CA,90210,Parent50,555-0250,parent50@email.com,CaseManager3,120,Goal for student 50,Notes for student 50,Plan 3,Speech3,MH2,OT2,None,20/20,Normal,Proficient,Advanced,100035,Physical Education,108,1000310,English,104,1000339,Government,106,1000319,Economics,305,1000316,Geography,208,1000335,Cooking,208,1000322,Cooking,209
123456840,First51,Last51,Z,student51@school.edu,555-0151,2008-04-24,M,11,Central High School,CHS,Central High School,151 Main St,Anytown,CA,90210,Parent51,555-0251,parent51@email.com,CaseManager3,150,Goal for student 51,Notes for student 51,Plan 3,Speech1,MH2,OT1,None,20/20,Normal,Proficient,Advanced,1000314,Sociology,205,100039,Physical Education,107,1000320,Grammar,103,1000328,Biology,209,1000336,Calculus,110,1000342,Government,206,1000325,Writing,101
123456841,First52,Last52,A,student52@school.edu,555-0152,2008-05-25,F,8,Central High School,CHS,Central High School,152 Main St,Anytown,CA,90210,Parent52,555-0252,parent52@email.com,CaseManager3,60,Goal for student 52,Notes for student 52,Plan 1,Speech1,MH2,OT1,None,20/20,Normal,Proficient,Advanced,1000326,Math,104,1000337,Spanish,210,1000311,Physics,309,1000342,Grammar,301,100031,Physical Science,305,100038,Sociology,108,100036,Algebra,209
123456842,First53,Last53,B,student53@school.edu,555-0153,2008-06-26,M,9,Central High School,CHS,Central High School,153 Main St,Anytown,CA,90210,Parent53,555-0253,parent53@email.com,CaseManager3,90,Goal for student 53,Notes for student 53,Plan 2,Speech2,MH1,OT1,None,20/20,Normal,Proficient,Advanced,100039,US History,201,1000345,Music Theory,202,1000336,Algebra,302,100031,Geography,303,1000339,Physics,310,1000326,Economics,101,1000324,Calculus,301
123456843,First54,Last54,C,student54@school.edu,555-0154,2008-07-27,F,10,Central High School,CHS,Central High School,154 Main St,Anytown,CA,90210,Parent54,555-0254,parent54@email.com,CaseManager4,120,Goal for student 54,Notes for student 54,Plan 3,Speech2,MH2,OT1,None,20/20,Normal,Proficient,Advanced,1000324,Psychology,105,1000327,Biology,207,1000318,Music,210,100035,Calculus,303,100039,Writing,310,100036,Geometry,104,100037,Cooking,203
123456844,First55,Last55,D,student55@school.edu,555-0155,2008-08-28,M,11,Central High School,CHS,Central High School,155 Main St,Anytown,CA,90210,Parent55,555-0255,parent55@email.com,CaseManager3,150,Goal for student 55,Notes for student 55,Plan 1,Speech2,MH2,OT2,None,20/20,Normal,Proficient,Advanced,1000321,Physical Education,304,100039,French,207,1000333,Physical Science,306,1000327,Government,304,1000340,Geography,309,1000326,Government,301,1000316,Computer Science,202
123456845,First56,Last56,E,student56@school.edu,555-0156,2008-09-01,F,8,Central High School,CHS,Central High School,156 Main St,Anytown,CA,90210,Parent56,555-0256,parent56@email.com,CaseManager2,60,Goal for student 56,Notes for student 56,Plan 3,Speech2,MH1,OT1,None,20/20,Normal,Proficient,Advanced,1000324,Algebra,201,1000312,Biology,305,100034,Spanish,303,100031,World History,302,1000337,Cooking,205,1000314,Government,202,1000331,Literature,209
123456846,First57,Last57,F,student57@school.edu,555-0157,2008-10-02,M,9,Central High School,CHS,Central High School,157 Main St,Anytown,CA,90210,Parent57,555-0257,parent57@email.com,CaseManager1,90,Goal for student 57,Notes for student 57,Plan 3,Speech3,MH2,OT1,None,20/20,Normal,Proficient,Advanced,1000314,Computer Science,304,1000312,Biology,305,1000339,Psychology,106,1000324,Geography,303,1000315,English,303,1000310,Science,207,1000317,Government,108
123456847,First58,Last58,G,student58@school.edu,555-0158,2008-11-03,F,10,Central High School,CHS,Central High School,158 Main St,Anytown,CA,90210,Parent58,555-0258,parent58@email.com,CaseManager5,120,Goal for student 58,Notes for student 58,Plan 1,Speech2,MH1,OT2,None,20/20,Normal,Proficient,Advanced,1000320,World History,301,1000322,Science,201,1000337,Sociology,309,1000318,Physical Science,309,1000338,Writing,206,1000331,Biology,309,1000332,Calculus,203
123456848,First59,Last59,H,student59@school.edu,555-0159,2008-12-04,M,11,Central High School,CHS,Central High School,159 Main St,Anytown,CA,90210,Parent59,555-0259,parent59@email.com,CaseManager4,150,Goal for student 59,Notes for student 59,Plan 1,Speech1,MH1,OT1,None,20/20,Normal,Proficient,Advanced,1000310,Environmental Science,107,1000328,French,302,1000323,Computer Science,310,1000342,Geography,104,1000319,Spanish,101,100000,Math,301,1000344,Art,205
123456849,First60,Last60,I,student60@school.edu,555-0160,2008-01-05,F,8,Central High School,CHS,Central High School,160 Main St,Anytown,CA,90210,Parent60,555-0260,parent60@email.com,CaseManager4,60,Goal for student 60,Notes for student 60,Plan 2,Speech3,MH1,OT2,None,20/20,Normal,Proficient,Advanced,1000328,Physical Education,303,1000320,German,201,1000318,Literature,106,1000326,Math,204,100034,German,305,100035,Physical Science,102,100036,Music Theory,205
123456850,First61,Last61,J,student61@school.edu,555-0161,2008-02-06,M,9,Central High School,CHS,Central High School,161 Main St,Anytown,CA,90210,Parent61,555-0261,parent61@email.com,CaseManager1,90,Goal for student 61,Notes for student 61,Plan 1,Speech3,MH2,OT2,None,20/20,Normal,Proficient,Advanced,100000,Geometry,202,1000323,Physics,204,1000313,Sociology,207,1000336,Environmental Science,210,100038,German,307,100033,Physical Science,304,100036,Grammar,310
123456851,First62,Last62,K,student62@school.edu,555-0162,2008-03-07,F,10,Central High School,CHS,Central High School,162 Main St,Anytown,CA,90210,Parent62,555-0262,parent62@email.com,CaseManager4,120,Goal for student 62,Notes for student 62,Plan 3,Speech3,MH1,OT1,None,20/20,Normal,Proficient,Advanced,1000337,Music,107,1000328,Music,301,1000345,Math,209,1000332,Sociology,104,1000319,Spanish,305,1000331,Cooking,305,1000336,World History,107
123456852,First63,Last63,L,student63@school.edu,555-0163,2008-04-08,M,11,Central High School,CHS,Central High School,163 Main St,Anytown,CA,90210,Parent63,555-0263,parent63@email.com,CaseManager5,150,Goal for student 63,Notes for student 63,Plan 2,Speech2,MH1,OT1,None,20/20,Normal,Proficient,Advanced,1000310,German,102,1000343,Science,108,1000336,German,208,1000316,Geography,307,1000336,Economics,203,100035,Writing,304,1000333,Geography,110
123456853,First64,Last64,M,student64@school.edu,555-0164,2008-05-09,F,8,Central High School,CHS,Central High School,164 Main St,Anytown,CA,90210,Parent64,555-0264,parent64@email.com,CaseManager3,60,Goal for student 64,Notes for student 64,Plan 3,Speech3,MH1,OT2,None,20/20,Normal,Proficient,Advanced,1000337,Math,108,1000336,French,204,1000314,Physical Science,202,1000319,Music,304,1000342,French,207,100036,Government,310,1000311,Art,303
123456854,First65,Last65,N,student65@school.edu,555-0165,2008-06-10,M,9,Central High School,CHS,Central High School,165 Main St,Anytown,CA,90210,Parent65,555-0265,parent65@email.com,CaseManager3,90,Goal for student 65,Notes for student 65,Plan 3,Speech1,MH2,OT2,None,20/20,Normal,Proficient,Advanced,1000320,Physical Science,309,100039,Writing,303,100032,World History,103,1000343,Physical Education,110,1000344,Algebra,109,1000315,Health,110,1000338,Science,202
123456855,First66,Last66,O,student66@school.edu,555-0166,2008-07-11,F,10,Central High School,CHS,Central High School,166 Main St,Anytown,CA,90210,Parent66,555-0266,parent66@email.com,CaseManager2,120,Goal for student 66,Notes for student 66,Plan 1,Speech3,MH2,OT1,None,20/20,Normal,Proficient,Advanced,1000341,Math,201,1000345,World History,307,1000313,Art,202,1000334,Math,107,1000330,Algebra,104,1000327,Geometry,107,1000330,Environmental Science,108
123456856,First67,Last67,P,student67@school.edu,555-0167,2008-08-12,M,11,Central High School,CHS,Central High School,167 Main St,Anytown,CA,90210,Parent67,555-0267,parent67@email.com,CaseManager2,150,Goal for student 67,Notes for student 67,Plan 2,Speech3,MH1,OT1,None,20/20,Normal,Proficient,Advanced,1000313,Geometry,308,1000345,Art,107,1000323,Calculus,308,1000334,Computer Science,210,1000343,Computer Science,108,1000323,Health,202,1000327,Physical Education,306
123456857,First68,Last68,Q,student68@school.edu,555-0168,2008-09-13,F,8,Central High School,CHS,Central High School,168 Main St,Anytown,CA,90210,Parent68,555-0268,parent68@email.com,CaseManager5,60,Goal for student 68,Notes for student 68,Plan 2,Speech3,MH1,OT2,None,20/20,Normal,Proficient,Advanced,1000343,Music Theory,101,1000334,Photography,109,1000331,Geometry,308,100036,Writing,305,100036,Economics,105,1000329,Sociology,303,1000335,Computer Science,201
123456858,First69,Last69,R,student69@school.edu,555-0169,2008-10-14,M,9,Central High School,CHS,Central High School,169 Main St,Anytown,CA,90210,Parent69,555-0269,parent69@email.com,CaseManager5,90,Goal for student 69,Notes for student 69,Plan 2,Speech3,MH2,OT1,None,20/20,Normal,Proficient,Advanced,1000321,Drama,102,1000331,Biology,109,1000312,Psychology,206,1000311,Geometry,106,1000329,Literature,205,100034,Physical Education,105,1000314,Drama,109
123456859,First70,Last70,S,student70@school.edu,555-0170,2008-11-15,F,10,Central High School,CHS,Central High School,170 Main St,Anytown,CA,90210,Parent70,555-0270,parent70@email.com,CaseManager4,120,Goal for student 70,Notes for student 70,Plan 1,Speech3,MH1,OT2,None,20/20,Normal,Proficient,Advanced,1000329,Geography,209,100000,Calculus,303,1000337,Music,108,1000336,Spanish,105,1000319,Music,205,1000341,Physical Science,206,1000323,Geography,202
123456860,First71,Last71,T,student71@school.edu,555-0171,2008-12-16,M,11,Central High School,CHS,Central High School,171 Main St,Anytown,CA,90210,Parent71,555-0271,parent71@email.com,CaseManager1,150,Goal for student 71,Notes for student 71,Plan 3,Speech2,MH2,OT1,None,20/20,Normal,Proficient,Advanced,100032,Music,310,1000321,Writing,201,1000339,Health,102,100037,Health,304,100034,Math,207,1000315,Geography,206,1000329,Music Theory,305
123456861,First72,Last72,U,student72@school.edu,555-0172,2008-01-17,F,8,Central High School,CHS,Central High School,172 Main St,Anytown,CA,90210,Parent72,555-0272,parent72@email.com,CaseManager1,60,Goal for student 72,Notes for student 72,Plan 3,Speech1,MH1,OT1,None,20/20,Normal,Proficient,Advanced,1000334,Art,201,1000315,Sociology,102,1000340,Art,103,100039,Economics,202,1000338,History,110,1000320,History,301,1000338,Geography,305
123456862,First73,Last73,V,student73@school.edu,555-0173,2008-02-18,M,9,Central High School,CHS,Central High School,173 Main St,Anytown,CA,90210,Parent73,555-0273,parent73@email.com,CaseManager3,90,Goal for student 73,Notes for student 73,Plan 3,Speech3,MH2,OT2,None,20/20,Normal,Proficient,Advanced,1000338,Calculus,101,1000328,Physical Education,208,1000319,Calculus,301,1000326,US History,110,1000318,Photography,210,1000344,Government,309,1000338,Drama,308
123456863,First74,Last74,W,student74@school.edu,555-0174,2008-03-19,F,10,Central High School,CHS,Central High School,174 Main St,Anytown,CA,90210,Parent74,555-0274,parent74@email.com,CaseManager2,120,Goal for student 74,Notes for student 74,Plan 2,Speech3,MH2,OT2,None,20/20,Normal,Proficient,Advanced,1000328,Algebra,305,1000338,Economics,308,100033,World History,202,1000329,Cooking,209,100000,Literature,202,1000333,Health,208,1000333,Physics,306
123456864,First75,Last75,X,student75@school.edu,555-0175,2008-04-20,M,11,Central High School,CHS,Central High School,175 Main St,Anytown,CA,90210,Parent75,555-0275,parent75@email.com,CaseManager3,150,Goal for student 75,Notes for student 75,Plan 3,Speech1,MH2,OT1,None,20/20,Normal,Proficient,Advanced,100032,Grammar,105,1000311,Geography,304,1000317,Drama,106,1000329,Art,103,1000322,English,304,1000311,Writing,305,1000325,Economics,303
123456865,First76,Last76,Y,student76@school.edu,555-0176,2008-05-21,F,8,Central High School,CHS,Central High School,176 Main St,Anytown,CA,90210,Parent76,555-0276,parent76@email.com,CaseManager5,60,Goal for student 76,Notes for student 76,Plan 1,Speech1,MH2,OT1,None,20/20,Normal,Proficient,Advanced,1000344,Psychology,306,1000323,Math,201,1000329,Sociology,210,1000343,Writing,109,100038,Government,102,1000310,Algebra,206,1000335,Math,101
123456866,First77,Last77,Z,student77@school.edu,555-0177,2008-06-22,M,9,Central High School,CHS,Central High School,177 Main St,Anytown,CA,90210,Parent77,555-0277,parent77@email.com,CaseManager1,90,Goal for student 77,Notes for student 77,Plan 3,Speech2,MH1,OT2,None,20/20,Normal,Proficient,Advanced,100038,Chemistry,108,1000338,Psychology,303,1000327,Drama,306,1000317,Math,307,1000313,Biology,104,1000316,Calculus,107,100031,Computer Science,307
123456867,First78,Last78,A,student78@school.edu,555-0178,2008-07-23,F,10,Central High School,CHS,Central High School,178 Main St,Anytown,CA,90210,Parent78,555-0278,parent78@email.com,CaseManager2,120,Goal for student 78,Notes for student 78,Plan 2,Speech1,MH2,OT2,None,20/20,Normal,Proficient,Advanced,1000343,Spanish,303,1000332,Spanish,306,1000333,Photography,103,100039,Computer Science,202,100037,Environmental Science,110,1000327,Health,301,100000,Spanish,207
123456868,First79,Last79,B,student79@school.edu,555-0179,2008-08-24,M,11,Central High School,CHS,Central High School,179 Main St,Anytown,CA,90210,Parent79,555-0279,parent79@email.com,CaseManager5,150,Goal for student 79,Notes for student 79,Plan 2,Speech1,MH1,OT2,None,20/20,Normal,Proficient,Advanced,1000322,Economics,105,1000324,Literature,207,1000316,English,209,100037,US History,108,1000329,Physics,202,100039,Health,207,1000321,Photography,308
123456869,First80,Last80,C,student80@school.edu,555-0180,2008-09-25,F,8,Central High School,CHS,Central High School,180 Main St,Anytown,CA,90210,Parent80,555-0280,parent80@email.com,CaseManager3,60,Goal for student 80,Notes for student 80,Plan 1,Speech3,MH2,OT1,None,20/20,Normal,Proficient,Advanced,1000320,Drama,108,1000322,Writing,310,100000,Calculus,306,1000334,Health,302,1000345,History,202,1000340,Grammar,301,1000318,Geometry,108
123456870,First81,Last81,D,student81@school.edu,555-0181,2008-10-26,M,9,Central High School,CHS,Central High School,181 Main St,Anytown,CA,90210,Parent81,555-0281,parent81@email.com,CaseManager2,90,Goal for student 81,Notes for student 81,Plan 1,Speech3,MH2,OT1,None,20/20,Normal,Proficient,Advanced,1000331,Geometry,207,1000334,History,106,1000344,German,207,1000311,Geometry,201,1000337,German,305,1000324,World History,204,100034,Physical Education,104
123456871,First82,Last82,E,student82@school.edu,555-0182,2008-11-27,F,10,Central High School,CHS,Central High School,182 Main St,Anytown,CA,90210,Parent82,555-0282,parent82@email.com,CaseManager1,120,Goal for student 82,Notes for student 82,Plan 3,Speech2,MH2,OT2,None,20/20,Normal,Proficient,Advanced,100034,Algebra,203,1000325,Biology,307,1000341,German,303,1000314,Drama,304,1000323,Computer Science,307,1000324,French,201,1000323,Physics,108
123456872,First83,Last83,F,student83@school.edu,555-0183,2008-12-28,M,11,Central High School,CHS,Central High School,183 Main St,Anytown,CA,90210,Parent83,555-0283,parent83@email.com,CaseManager1,150,Goal for student 83,Notes for student 83,Plan 1,Speech3,MH2,OT2,None,20/20,Normal,Proficient,Advanced,1000344,Photography,208,1000331,Cooking,205,100034,Art,303,1000326,German,106,1000336,Environmental Science,204,1000314,Sociology,103,1000341,French,208
123456873,First84,Last84,G,student84@school.edu,555-0184,2008-01-01,F,8,Central High School,CHS,Central High School,184 Main St,Anytown,CA,90210,Parent84,555-0284,parent84@email.com,CaseManager1,60,Goal for student 84,Notes for student 84,Plan 1,Speech1,MH2,OT2,None,20/20,Normal,Proficient,Advanced,1000324,Photography,303,100034,Art,210,1000320,French,207,100038,Literature,206,1000315,Physical Science,304,100038,Calculus,108,1000324,Economics,204
123456874,First85,Last85,H,student85@school.edu,555-0185,2008-02-02,M,9,Central High School,CHS,Central High School,185 Main St,Anytown,CA,90210,Parent85,555-0285,parent85@email.com,CaseManager5,90,Goal for student 85,Notes for student 85,Plan 2,Speech2,MH2,OT1,None,20/20,Normal,Proficient,Advanced,1000324,Calculus,203,1000331,German,107,100039,Calculus,109,1000328,Drama,310,1000319,Physics,308,1000312,Algebra,204,1000333,French,209
123456875,First86,Last86,I,student86@school.edu,555-0186,2008-03-03,F,10,Central High School,CHS,Central High School,186 Main St,Anytown,CA,90210,Parent86,555-0286,parent86@email.com,CaseManager2,120,Goal for student 86,Notes for student 86,Plan 1,Speech1,MH2,OT1,None,20/20,Normal,Proficient,Advanced,1000317,Photography,306,1000341,Sociology,109,1000344,Psychology,309,1000329,Sociology,205,1000327,Writing,105,1000322,Math,202,1000323,Psychology,309
123456876,First87,Last87,J,student87@school.edu,555-0187,2008-04-04,M,11,Central High School,CHS,Central High School,187 Main St,Anytown,CA,90210,Parent87,555-0287,parent87@email.com,CaseManager5,150,Goal for student 87,Notes for student 87,Plan 2,Speech2,MH1,OT1,None,20/20,Normal,Proficient,Advanced,1000334,Photography,210,1000344,Health,106,1000338,German,310,100035,Music,109,1000340,Music,206,100031,Health,302,100031,World History,302
123456877,First88,Last88,K,student88@school.edu,555-0188,2008-05-05,F,8,Central High School,CHS,Central High School,188 Main St,Anytown,CA,90210,Parent88,555-0288,parent88@email.com,CaseManager5,60,Goal for student 88,Notes for student 88,Plan 3,Speech2,MH1,OT1,None,20/20,Normal,Proficient,Advanced,1000329,Literature,309,1000344,Geometry,107,1000313,Psychology,305,100033,History,202,1000318,Biology,209,1000328,Computer Science,201,1000325,French,301
123456878,First89,Last89,L,student89@school.edu,555-0189,2008-06-06,M,9,Central High School,CHS,Central High School,189 Main St,Anytown,CA,90210,Parent89,555-0289,parent89@email.com,CaseManager3,90,Goal for student 89,Notes for student 89,Plan 2,Speech3,MH2,OT1,None,20/20,Normal,Proficient,Advanced,100000,Music,205,1000312,Art,107,1000332,Computer Science,207,1000329,Cooking,209,1000325,Literature,310,100032,Physical Science,209,1000323,Drama,108
123456879,First90,Last90,M,student90@school.edu,555-0190,2008-07-07,F,10,Central High School,CHS,Central High School,190 Main St,Anytown,CA,90210,Parent90,555-0290,parent90@email.com,CaseManager4,120,Goal for student 90,Notes for student 90,Plan 2,Speech3,MH2,OT1,None,20/20,Normal,Proficient,Advanced,1000318,German,109,1000329,Chemistry,206,1000312,History,201,1000336,Grammar,108,1000318,English,210,1000331,Science,209,1000328,Sociology,308
123456880,First91,Last91,N,student91@school.edu,555-0191,2008-08-08,M,11,Central High School,CHS,Central High School,191 Main St,Anytown,CA,90210,Parent91,555-0291,parent91@email.com,CaseManager3,150,Goal for student 91,Notes for student 91,Plan 2,Speech3,MH2,OT1,None,20/20,Normal,Proficient,Advanced,1000317,History,105,1000313,Music Theory,305,1000317,Physical Education,103,1000342,Math,303,1000337,Psychology,110,100039,Geometry,110,1000328,Calculus,203
123456881,First92,Last92,O,student92@school.edu,555-0192,2008-09-09,F,8,Central High School,CHS,Central High School,192 Main St,Anytown,CA,90210,Parent92,555-0292,parent92@email.com,CaseManager5,60,Goal for student 92,Notes for student 92,Plan 2,Speech3,MH2,OT2,None,20/20,Normal,Proficient,Advanced,1000324,History,301,1000327,French,201,1000325,French,106,1000338,Cooking,205,1000322,Science,101,1000330,Music Theory,103,1000321,Art,310
123456882,First93,Last93,P,student93@school.edu,555-0193,2008-10-10,M,9,Central High School,CHS,Central High School,193 Main St,Anytown,CA,90210,Parent93,555-0293,parent93@email.com,CaseManager1,90,Goal for student 93,Notes for student 93,Plan 1,Speech1,MH1,OT1,None,20/20,Normal,Proficient,Advanced,1000324,History,305,100039,History,105,1000322,French,110,1000321,Chemistry,106,1000326,Spanish,107,1000341,Economics,203,1000313,Psychology,309
123456883,First94,Last94,Q,student94@school.edu,555-0194,2008-11-11,F,10,Central High School,CHS,Central High School,194 Main St,Anytown,CA,90210,Parent94,555-0294,parent94@email.com,CaseManager4,120,Goal for student 94,Notes for student 94,Plan 2,Speech3,MH2,OT1,None,20/20,Normal,Proficient,Advanced,1000317,Cooking,207,1000314,History,104,1000318,Literature,210,1000322,German,204,1000341,Geometry,207,1000334,Geography,109,1000343,Health,108
123456884,First95,Last95,R,student95@school.edu,555-0195,2008-12-12,M,11,Central High School,CHS,Central High School,195 Main St,Anytown,CA,90210,Parent95,555-0295,parent95@email.com,CaseManager5,150,Goal for student 95,Notes for student 95,Plan 3,Speech2,MH2,OT1,None,20/20,Normal,Proficient,Advanced,100032,Chemistry,205,1000312,Photography,207,1000315,Computer Science,310,1000339,Chemistry,303,1000323,Grammar,107,1000334,Physics,201,1000328,Grammar,110
123456885,First96,Last96,S,student96@school.edu,555-0196,2008-01-13,F,8,Central High School,CHS,Central High School,196 Main St,Anytown,CA,90210,Parent96,555-0296,parent96@email.com,CaseManager2,60,Goal for student 96,Notes for student 96,Plan 3,Speech1,MH1,OT1,None,20/20,Normal,Proficient,Advanced,1000327,Geography,103,1000333,Chemistry,105,100036,Chemistry,108,1000341,Music Theory,303,1000341,Literature,301,1000330,Physical Education,109,1000328,Computer Science,304
123456886,First97,Last97,T,student97@school.edu,555-0197,2008-02-14,M,9,Central High School,CHS,Central High School,197 Main St,Anytown,CA,90210,Parent97,555-0297,parent97@email.com,CaseManager2,90,Goal for student 97,Notes for student 97,Plan 2,Speech3,MH1,OT1,None,20/20,Normal,Proficient,Advanced,1000345,Cooking,102,1000341,Algebra,310,1000332,Health,306,1000328,Geometry,208,1000332,Math,308,1000319,Science,106,1000323,History,204
123456887,First98,Last98,U,student98@school.edu,555-0198,2008-03-15,F,10,Central High School,CHS,Central High School,198 Main St,Anytown,CA,90210,Parent98,555-0298,parent98@email.com,CaseManager2,120,Goal for student 98,Notes for student 98,Plan 1,Speech2,MH1,OT1,None,20/20,Normal,Proficient,Advanced,1000332,Biology,310,1000315,Spanish,306,1000313,Government,209,1000315,Physical Science,101,1000312,Algebra,201,1000323,Geometry,210,100037,Sociology,308
123456888,First99,Last99,V,student99@school.edu,555-0199,2008-04-16,M,11,Central High School,CHS,Central High School,199 Main St,Anytown,CA,90210,Parent99,555-0299,parent99@email.com,CaseManager2,150,Goal for student 99,Notes for student 99,Plan 3,Speech3,MH1,OT2,None,20/20,Normal,Proficient,Advanced,1000311,Economics,103,1000333,Writing,303,1000337,Drama,109,1000310,German,303,1000344,US History,304,1000333,Music,310,1000340,Geography,308
123456889,First100,Last100,W,student100@school.edu,555-01100,2008-05-17,F,8,Central High School,CHS,Central High School,200 Main St,Anytown,CA,90210,Parent100,555-02100,parent100@email.com,CaseManager2,60,Goal for student 100,Notes for student 100,Plan 3,Speech3,MH2,OT1,None,20/20,Normal,Proficient,Advanced,1000333,Physical Education,209,1000324,Math,202,1000316,Geometry,108,1000310,English,106,1000344,Physical Education,105,1000318,Literature,103,100039,Writing,107