sourcedId,givenName,familyName,middleName,email,phone,dateOfBirth,sex,grade,school,schoolCode,schoolName,address,city,state,zipCode,parentName,parentPhone,parentEmail,specialEducation,plan504,ell,disabilities,MedicalNotes,Vision,Hearing,CAASPP,ELPAC,CaseManager,SpeechProvider,MHProvider,OTProvider,Disability,ServiceMinutes,Goals,Notes,Plan,period1TeacherId,period1Subject,period1Room,period2TeacherId,period2Subject,period2Room,period3TeacherId,period3Subject,period3Room,period4TeacherId,period4Subject,period4Room,period5TeacherId,period5Subject,period5Room,period6TeacherId,period6Subject,period6Room,period7TeacherId,period7Subject,period7Room
123456790,Student1,Aeries1,B,student1@school.edu,555-0001,2008-02-02,F,8,Central High School,CHS,Central High School,101 Main St,Anytown,CA,90210,Parent1,555-1001,parent1@email.com,No,No,No,OHI,,20/20,Normal,Basic,Early Intermediate,Case Manager 2,Speech Provider 2,Mental Health Provider 2,OT Provider 2,OHI,63,Goal for student 1: Improve academic performance and social skills,Notes for student 1: Requires additional support in math and reading,504,100038,Math,203,100032,History,205,100024,Music,104,100006,Spanish,104,100045,Music,201,100043,History,205,100036,English,201
123456791,Student2,Aeries2,C,student2@school.edu,555-0002,2008-03-03,M,9,Central High School,CHS,Central High School,102 Main St,Anytown,CA,90210,Parent2,555-1002,parent2@email.com,No,No,No,ASD,,20/20,Normal,Proficient,Intermediate,Case Manager 3,Speech Provider 3,Mental Health Provider 3,OT Provider 3,ASD,66,Goal for student 2: Improve academic performance and social skills,Notes for student 2: Requires additional support in math and reading,IEP,100038,Science,205,100035,Music,205,100013,History,105,100005,Science,105,100002,Music,102,100035,History,204,100032,French,202
123456792,Student3,Aeries3,D,student3@school.edu,555-0003,2008-04-04,F,10,Central High School,CHS,Central High School,103 Main St,Anytown,CA,90210,Parent3,555-1003,parent3@email.com,Yes,No,No,ED,Medical notes for student 3,20/20,Normal,Advanced,Early Advanced,Case Manager 4,Speech Provider 1,Mental Health Provider 1,OT Provider 1,ED,69,Goal for student 3: Improve academic performance and social skills,Notes for student 3: Requires additional support in math and reading,504,100029,Computer Science,102,100003,Art,201,100011,PE,105,100027,Music,103,100034,History,205,100016,Computer Science,101,100001,Science,201
123456793,Student4,Aeries4,E,student4@school.edu,555-0004,2008-05-05,M,11,Central High School,CHS,Central High School,104 Main St,Anytown,CA,90210,Parent4,555-1004,parent4@email.com,No,Yes,No,SLD,,20/40,Normal,Below Basic,Advanced,Case Manager 5,Speech Provider 2,Mental Health Provider 2,OT Provider 2,SLD,72,Goal for student 4: Improve academic performance and social skills,Notes for student 4: Requires additional support in math and reading,IEP,100028,Science,105,100035,History,104,100028,PE,102,100001,Spanish,205,100001,Music,202,100045,Spanish,205,100037,Math,205
123456794,Student5,Aeries5,F,student5@school.edu,555-0005,2008-06-06,F,12,Central High School,CHS,Central High School,105 Main St,Anytown,CA,90210,Parent5,555-1005,parent5@email.com,No,No,Yes,OHI,,20/20,Mild hearing loss,Basic,Beginning,Case Manager 1,Speech Provider 3,Mental Health Provider 3,OT Provider 3,OHI,75,Goal for student 5: Improve academic performance and social skills,Notes for student 5: Requires additional support in math and reading,504,100024,Music,204,100020,English,103,100031,Science,105,100026,French,102,100024,History,205,100032,PE,102,100031,English,204
123456795,Student6,Aeries6,G,student6@school.edu,555-0006,2008-07-07,M,7,Central High School,CHS,Central High School,106 Main St,Anytown,CA,90210,Parent6,555-1006,parent6@email.com,Yes,No,No,ASD,Medical notes for student 6,20/20,Normal,Proficient,Early Intermediate,Case Manager 2,Speech Provider 1,Mental Health Provider 1,OT Provider 1,ASD,78,Goal for student 6: Improve academic performance and social skills,Notes for student 6: Requires additional support in math and reading,IEP,100005,Math,205,100011,Computer Science,103,100035,French,205,100040,English,203,100019,History,103,100006,French,202,100017,Music,205
123456796,Student7,Aeries7,H,student7@school.edu,555-0007,2008-08-08,F,8,Central High School,CHS,Central High School,107 Main St,Anytown,CA,90210,Parent7,555-1007,parent7@email.com,No,No,No,ED,,20/20,Normal,Advanced,Intermediate,Case Manager 3,Speech Provider 2,Mental Health Provider 2,OT Provider 2,ED,81,Goal for student 7: Improve academic performance and social skills,Notes for student 7: Requires additional support in math and reading,504,100027,Spanish,105,100007,French,103,100013,Music,102,100003,Art,204,100027,French,203,100018,French,201,100039,Math,205
123456797,Student8,Aeries8,I,student8@school.edu,555-0008,2008-09-09,M,9,Central High School,CHS,Central High School,108 Main St,Anytown,CA,90210,Parent8,555-1008,parent8@email.com,No,Yes,No,SLD,,20/40,Normal,Below Basic,Early Advanced,Case Manager 4,Speech Provider 3,Mental Health Provider 3,OT Provider 3,SLD,84,Goal for student 8: Improve academic performance and social skills,Notes for student 8: Requires additional support in math and reading,IEP,100035,History,103,100018,English,202,100024,Spanish,101,100015,History,101,100040,PE,101,100044,PE,102,100010,French,104
123456798,Student9,Aeries9,J,student9@school.edu,555-0009,2008-10-10,F,10,Central High School,CHS,Central High School,109 Main St,Anytown,CA,90210,Parent9,555-1009,parent9@email.com,Yes,No,No,OHI,Medical notes for student 9,20/20,Normal,Basic,Advanced,Case Manager 5,Speech Provider 1,Mental Health Provider 1,OT Provider 1,OHI,87,Goal for student 9: Improve academic performance and social skills,Notes for student 9: Requires additional support in math and reading,504,100026,English,105,100027,Science,201,100003,Music,205,100027,PE,205,100033,Spanish,202,100014,PE,202,100012,Music,103
123456799,Student10,Aeries10,K,student10@school.edu,555-0010,2008-11-11,M,11,Central High School,CHS,Central High School,110 Main St,Anytown,CA,90210,Parent10,555-1010,parent10@email.com,No,No,Yes,ASD,,20/20,Mild hearing loss,Proficient,Beginning,Case Manager 1,Speech Provider 2,Mental Health Provider 2,OT Provider 2,ASD,90,Goal for student 10: Improve academic performance and social skills,Notes for student 10: Requires additional support in math and reading,IEP,100043,French,102,100031,English,102,100007,Computer Science,201,100028,Art,203,100004,Spanish,102,100020,Spanish,201,100030,History,104
123456800,Student11,Aeries11,L,student11@school.edu,555-0011,2008-12-12,F,12,Central High School,CHS,Central High School,111 Main St,Anytown,CA,90210,Parent11,555-1011,parent11@email.com,No,No,No,ED,,20/20,Normal,Advanced,Early Intermediate,Case Manager 2,Speech Provider 3,Mental Health Provider 3,OT Provider 3,ED,93,Goal for student 11: Improve academic performance and social skills,Notes for student 11: Requires additional support in math and reading,504,100016,History,103,100021,Spanish,202,100037,Music,201,100039,Spanish,103,100001,English,205,100015,English,104,100002,History,205
123456801,Student12,Aeries12,M,student12@school.edu,555-0012,2008-01-13,M,7,Central High School,CHS,Central High School,112 Main St,Anytown,CA,90210,Parent12,555-1012,parent12@email.com,Yes,Yes,No,SLD,Medical notes for student 12,20/40,Normal,Below Basic,Intermediate,Case Manager 3,Speech Provider 1,Mental Health Provider 1,OT Provider 1,SLD,96,Goal for student 12: Improve academic performance and social skills,Notes for student 12: Requires additional support in math and reading,IEP,100025,Music,103,100013,Music,102,100025,Art,102,100026,History,105,100019,Science,101,100004,Computer Science,205,100029,Music,102
123456802,Student13,Aeries13,N,student13@school.edu,555-0013,2008-02-14,F,8,Central High School,CHS,Central High School,113 Main St,Anytown,CA,90210,Parent13,555-1013,parent13@email.com,No,No,No,OHI,,20/20,Normal,Basic,Early Advanced,Case Manager 4,Speech Provider 2,Mental Health Provider 2,OT Provider 2,OHI,99,Goal for student 13: Improve academic performance and social skills,Notes for student 13: Requires additional support in math and reading,504,100027,Science,105,100038,PE,102,100037,English,202,100006,Spanish,104,100045,Math,204,100042,Spanish,204,100022,Computer Science,102
123456803,Student14,Aeries14,O,student14@school.edu,555-0014,2008-03-15,M,9,Central High School,CHS,Central High School,114 Main St,Anytown,CA,90210,Parent14,555-1014,parent14@email.com,No,No,No,ASD,,20/20,Normal,Proficient,Advanced,Case Manager 5,Speech Provider 3,Mental Health Provider 3,OT Provider 3,ASD,102,Goal for student 14: Improve academic performance and social skills,Notes for student 14: Requires additional support in math and reading,IEP,100010,French,103,100015,History,102,100018,Art,201,100014,French,101,100043,History,104,100023,Spanish,104,100017,English,202
123456804,Student15,Aeries15,P,student15@school.edu,555-0015,2008-04-16,F,10,Central High School,CHS,Central High School,115 Main St,Anytown,CA,90210,Parent15,555-1015,parent15@email.com,Yes,No,Yes,ED,Medical notes for student 15,20/20,Mild hearing loss,Advanced,Beginning,Case Manager 1,Speech Provider 1,Mental Health Provider 1,OT Provider 1,ED,105,Goal for student 15: Improve academic performance and social skills,Notes for student 15: Requires additional support in math and reading,504,100044,Computer Science,102,100017,Art,102,100036,Math,204,100004,PE,202,100024,Art,101,100018,Math,204,100037,History,205
123456805,Student16,Aeries16,Q,student16@school.edu,555-0016,2008-05-17,M,11,Central High School,CHS,Central High School,116 Main St,Anytown,CA,90210,Parent16,555-1016,parent16@email.com,No,Yes,No,SLD,,20/40,Normal,Below Basic,Early Intermediate,Case Manager 2,Speech Provider 2,Mental Health Provider 2,OT Provider 2,SLD,108,Goal for student 16: Improve academic performance and social skills,Notes for student 16: Requires additional support in math and reading,IEP,100012,Music,202,100045,French,105,100022,Science,104,100027,Math,205,100027,History,101,100045,Spanish,104,100032,PE,204
123456806,Student17,Aeries17,R,student17@school.edu,555-0017,2008-06-18,F,12,Central High School,CHS,Central High School,117 Main St,Anytown,CA,90210,Parent17,555-1017,parent17@email.com,No,No,No,OHI,,20/20,Normal,Basic,Intermediate,Case Manager 3,Speech Provider 3,Mental Health Provider 3,OT Provider 3,OHI,111,Goal for student 17: Improve academic performance and social skills,Notes for student 17: Requires additional support in math and reading,504,100032,History,104,100043,Music,202,100008,Spanish,205,100041,Science,104,100031,French,202,100008,Art,202,100024,Math,102
123456807,Student18,Aeries18,S,student18@school.edu,555-0018,2008-07-19,M,7,Central High School,CHS,Central High School,118 Main St,Anytown,CA,90210,Parent18,555-1018,parent18@email.com,Yes,No,No,ASD,Medical notes for student 18,20/20,Normal,Proficient,Early Advanced,Case Manager 4,Speech Provider 1,Mental Health Provider 1,OT Provider 1,ASD,114,Goal for student 18: Improve academic performance and social skills,Notes for student 18: Requires additional support in math and reading,IEP,100002,History,204,100026,Science,204,100041,History,204,100003,Music,104,100015,Music,201,100002,English,201,100007,Music,104
123456808,Student19,Aeries19,T,student19@school.edu,555-0019,2008-08-20,F,8,Central High School,CHS,Central High School,119 Main St,Anytown,CA,90210,Parent19,555-1019,parent19@email.com,No,No,No,ED,,20/20,Normal,Advanced,Advanced,Case Manager 5,Speech Provider 2,Mental Health Provider 2,OT Provider 2,ED,117,Goal for student 19: Improve academic performance and social skills,Notes for student 19: Requires additional support in math and reading,504,100010,PE,204,100023,Music,105,100041,Math,101,100032,English,205,100038,Computer Science,202,100029,Spanish,202,100007,History,205
123456809,Student20,Aeries20,U,student20@school.edu,555-0020,2008-09-21,M,9,Central High School,CHS,Central High School,120 Main St,Anytown,CA,90210,Parent20,555-1020,parent20@email.com,No,Yes,Yes,SLD,,20/40,Mild hearing loss,Below Basic,Beginning,Case Manager 1,Speech Provider 3,Mental Health Provider 3,OT Provider 3,SLD,120,Goal for student 20: Improve academic performance and social skills,Notes for student 20: Requires additional support in math and reading,IEP,100045,Computer Science,102,100019,Art,101,100008,History,103,100034,French,101,100007,French,104,100027,PE,104,100036,Computer Science,103
123456810,Student21,Aeries21,V,student21@school.edu,555-0021,2008-10-22,F,10,Central High School,CHS,Central High School,121 Main St,Anytown,CA,90210,Parent21,555-1021,parent21@email.com,Yes,No,No,OHI,Medical notes for student 21,20/20,Normal,Basic,Early Intermediate,Case Manager 2,Speech Provider 1,Mental Health Provider 1,OT Provider 1,OHI,123,Goal for student 21: Improve academic performance and social skills,Notes for student 21: Requires additional support in math and reading,504,100006,Computer Science,104,100031,English,101,100008,French,101,100009,Spanish,102,100009,French,104,100019,Spanish,102,100012,English,202
123456811,Student22,Aeries22,W,student22@school.edu,555-0022,2008-11-23,M,11,Central High School,CHS,Central High School,122 Main St,Anytown,CA,90210,Parent22,555-1022,parent22@email.com,No,No,No,ASD,,20/20,Normal,Proficient,Intermediate,Case Manager 3,Speech Provider 2,Mental Health Provider 2,OT Provider 2,ASD,126,Goal for student 22: Improve academic performance and social skills,Notes for student 22: Requires additional support in math and reading,IEP,100002,PE,102,100024,Spanish,103,100038,Art,204,100019,Music,102,100025,Computer Science,105,100006,French,102,100003,Spanish,202
123456812,Student23,Aeries23,X,student23@school.edu,555-0023,2008-12-24,F,12,Central High School,CHS,Central High School,123 Main St,Anytown,CA,90210,Parent23,555-1023,parent23@email.com,No,No,No,ED,,20/20,Normal,Advanced,Early Advanced,Case Manager 4,Speech Provider 3,Mental Health Provider 3,OT Provider 3,ED,129,Goal for student 23: Improve academic performance and social skills,Notes for student 23: Requires additional support in math and reading,504,100002,Math,101,100006,Spanish,204,100023,English,103,100029,Computer Science,102,100010,Science,105,100024,Computer Science,101,100002,PE,201
123456813,Student24,Aeries24,Y,student24@school.edu,555-0024,2008-01-25,M,7,Central High School,CHS,Central High School,124 Main St,Anytown,CA,90210,Parent24,555-1024,parent24@email.com,Yes,Yes,No,SLD,Medical notes for student 24,20/40,Normal,Below Basic,Advanced,Case Manager 5,Speech Provider 1,Mental Health Provider 1,OT Provider 1,SLD,132,Goal for student 24: Improve academic performance and social skills,Notes for student 24: Requires additional support in math and reading,IEP,100009,PE,102,100022,History,205,100032,Math,105,100037,Music,202,100031,History,203,100009,PE,104,100038,Spanish,201
123456814,Student25,Aeries25,Z,student25@school.edu,555-0025,2008-02-26,F,8,Central High School,CHS,Central High School,125 Main St,Anytown,CA,90210,Parent25,555-1025,parent25@email.com,No,No,Yes,OHI,,20/20,Mild hearing loss,Basic,Beginning,Case Manager 1,Speech Provider 2,Mental Health Provider 2,OT Provider 2,OHI,135,Goal for student 25: Improve academic performance and social skills,Notes for student 25: Requires additional support in math and reading,504,100020,History,103,100026,PE,102,100026,Music,201,100020,Music,201,100040,PE,104,100015,History,202,100021,Art,103
123456815,Student26,Aeries26,A,student26@school.edu,555-0026,2008-03-27,M,9,Central High School,CHS,Central High School,126 Main St,Anytown,CA,90210,Parent26,555-1026,parent26@email.com,No,No,No,ASD,,20/20,Normal,Proficient,Early Intermediate,Case Manager 2,Speech Provider 3,Mental Health Provider 3,OT Provider 3,ASD,138,Goal for student 26: Improve academic performance and social skills,Notes for student 26: Requires additional support in math and reading,IEP,100021,Music,105,100016,Computer Science,104,100038,History,204,100011,History,202,100035,Science,103,100011,History,101,100002,Music,101
123456816,Student27,Aeries27,B,student27@school.edu,555-0027,2008-04-28,F,10,Central High School,CHS,Central High School,127 Main St,Anytown,CA,90210,Parent27,555-1027,parent27@email.com,Yes,No,No,ED,Medical notes for student 27,20/20,Normal,Advanced,Intermediate,Case Manager 3,Speech Provider 1,Mental Health Provider 1,OT Provider 1,ED,141,Goal for student 27: Improve academic performance and social skills,Notes for student 27: Requires additional support in math and reading,504,100043,Art,205,100020,French,205,100015,Art,102,100010,Spanish,203,100002,Math,205,100001,Art,101,100024,PE,204
123456817,Student28,Aeries28,C,student28@school.edu,555-0028,2008-05-01,M,11,Central High School,CHS,Central High School,128 Main St,Anytown,CA,90210,Parent28,555-1028,parent28@email.com,No,Yes,No,SLD,,20/40,Normal,Below Basic,Early Advanced,Case Manager 4,Speech Provider 2,Mental Health Provider 2,OT Provider 2,SLD,144,Goal for student 28: Improve academic performance and social skills,Notes for student 28: Requires additional support in math and reading,IEP,100038,Math,202,100025,Spanish,101,100007,Spanish,102,100030,Spanish,201,100020,Music,104,100037,Computer Science,202,100037,English,202
123456818,Student29,Aeries29,D,student29@school.edu,555-0029,2008-06-02,F,12,Central High School,CHS,Central High School,129 Main St,Anytown,CA,90210,Parent29,555-1029,parent29@email.com,No,No,No,OHI,,20/20,Normal,Basic,Advanced,Case Manager 5,Speech Provider 3,Mental Health Provider 3,OT Provider 3,OHI,147,Goal for student 29: Improve academic performance and social skills,Notes for student 29: Requires additional support in math and reading,504,100041,Art,102,100016,History,101,100002,French,202,100033,Music,104,100031,Art,104,100001,PE,105,100021,Art,103
123456819,Student30,Aeries30,E,student30@school.edu,555-0030,2008-07-03,M,7,Central High School,CHS,Central High School,130 Main St,Anytown,CA,90210,Parent30,555-1030,parent30@email.com,Yes,No,Yes,ASD,Medical notes for student 30,20/20,Mild hearing loss,Proficient,Beginning,Case Manager 1,Speech Provider 1,Mental Health Provider 1,OT Provider 1,ASD,150,Goal for student 30: Improve academic performance and social skills,Notes for student 30: Requires additional support in math and reading,IEP,100013,Art,104,100042,Art,103,100004,French,201,100001,Music,104,100045,French,202,100043,Computer Science,103,100010,Math,204
123456820,Student31,Aeries31,F,student31@school.edu,555-0031,2008-08-04,F,8,Central High School,CHS,Central High School,131 Main St,Anytown,CA,90210,Parent31,555-1031,parent31@email.com,No,No,No,ED,,20/20,Normal,Advanced,Early Intermediate,Case Manager 2,Speech Provider 2,Mental Health Provider 2,OT Provider 2,ED,153,Goal for student 31: Improve academic performance and social skills,Notes for student 31: Requires additional support in math and reading,504,100041,PE,204,100039,Art,204,100017,Math,104,100019,History,202,100019,Science,205,100016,Art,105,100013,History,102
123456821,Student32,Aeries32,G,student32@school.edu,555-0032,2008-09-05,M,9,Central High School,CHS,Central High School,132 Main St,Anytown,CA,90210,Parent32,555-1032,parent32@email.com,No,Yes,No,SLD,,20/40,Normal,Below Basic,Intermediate,Case Manager 3,Speech Provider 3,Mental Health Provider 3,OT Provider 3,SLD,156,Goal for student 32: Improve academic performance and social skills,Notes for student 32: Requires additional support in math and reading,IEP,100014,History,101,100030,Science,102,100017,Music,102,100010,French,201,100021,Math,203,100015,PE,105,100007,English,103
123456822,Student33,Aeries33,H,student33@school.edu,555-0033,2008-10-06,F,10,Central High School,CHS,Central High School,133 Main St,Anytown,CA,90210,Parent33,555-1033,parent33@email.com,Yes,No,No,OHI,Medical notes for student 33,20/20,Normal,Basic,Early Advanced,Case Manager 4,Speech Provider 1,Mental Health Provider 1,OT Provider 1,OHI,159,Goal for student 33: Improve academic performance and social skills,Notes for student 33: Requires additional support in math and reading,504,100003,French,201,100042,History,103,100016,Science,105,100026,Spanish,101,100030,Math,103,100042,History,204,100003,Art,204
123456823,Student34,Aeries34,I,student34@school.edu,555-0034,2008-11-07,M,11,Central High School,CHS,Central High School,134 Main St,Anytown,CA,90210,Parent34,555-1034,parent34@email.com,No,No,No,ASD,,20/20,Normal,Proficient,Advanced,Case Manager 5,Speech Provider 2,Mental Health Provider 2,OT Provider 2,ASD,162,Goal for student 34: Improve academic performance and social skills,Notes for student 34: Requires additional support in math and reading,IEP,100037,Computer Science,105,100017,Spanish,102,100007,Science,201,100044,History,101,100012,Spanish,105,100009,Art,102,100019,Spanish,202
123456824,Student35,Aeries35,J,student35@school.edu,555-0035,2008-12-08,F,12,Central High School,CHS,Central High School,135 Main St,Anytown,CA,90210,Parent35,555-1035,parent35@email.com,No,No,Yes,ED,,20/20,Mild hearing loss,Advanced,Beginning,Case Manager 1,Speech Provider 3,Mental Health Provider 3,OT Provider 3,ED,165,Goal for student 35: Improve academic performance and social skills,Notes for student 35: Requires additional support in math and reading,504,100022,Science,201,100020,English,101,100004,Spanish,201,100043,Computer Science,201,100007,French,201,100010,Art,105,100014,PE,203
123456825,Student36,Aeries36,K,student36@school.edu,555-0036,2008-01-09,M,7,Central High School,CHS,Central High School,136 Main St,Anytown,CA,90210,Parent36,555-1036,parent36@email.com,Yes,Yes,No,SLD,Medical notes for student 36,20/40,Normal,Below Basic,Early Intermediate,Case Manager 2,Speech Provider 1,Mental Health Provider 1,OT Provider 1,SLD,168,Goal for student 36: Improve academic performance and social skills,Notes for student 36: Requires additional support in math and reading,IEP,100035,Art,201,100016,History,203,100044,Science,105,100011,History,202,100002,Music,201,100020,Art,203,100042,PE,104
123456826,Student37,Aeries37,L,student37@school.edu,555-0037,2008-02-10,F,8,Central High School,CHS,Central High School,137 Main St,Anytown,CA,90210,Parent37,555-1037,parent37@email.com,No,No,No,OHI,,20/20,Normal,Basic,Intermediate,Case Manager 3,Speech Provider 2,Mental Health Provider 2,OT Provider 2,OHI,171,Goal for student 37: Improve academic performance and social skills,Notes for student 37: Requires additional support in math and reading,504,100014,English,205,100031,Spanish,201,100040,History,103,100042,Spanish,203,100030,History,105,100026,Music,104,100043,English,105
123456827,Student38,Aeries38,M,student38@school.edu,555-0038,2008-03-11,M,9,Central High School,CHS,Central High School,138 Main St,Anytown,CA,90210,Parent38,555-1038,parent38@email.com,No,No,No,ASD,,20/20,Normal,Proficient,Early Advanced,Case Manager 4,Speech Provider 3,Mental Health Provider 3,OT Provider 3,ASD,174,Goal for student 38: Improve academic performance and social skills,Notes for student 38: Requires additional support in math and reading,IEP,100028,Spanish,103,100039,Music,202,100037,Science,204,100001,French,203,100009,Spanish,103,100037,French,104,100023,Art,105
123456828,Student39,Aeries39,N,student39@school.edu,555-0039,2008-04-12,F,10,Central High School,CHS,Central High School,139 Main St,Anytown,CA,90210,Parent39,555-1039,parent39@email.com,Yes,No,No,ED,Medical notes for student 39,20/20,Normal,Advanced,Advanced,Case Manager 5,Speech Provider 1,Mental Health Provider 1,OT Provider 1,ED,177,Goal for student 39: Improve academic performance and social skills,Notes for student 39: Requires additional support in math and reading,504,100012,Music,203,100033,Computer Science,105,100037,English,101,100043,Spanish,103,100035,Science,103,100004,English,102,100018,French,203
123456829,Student40,Aeries40,O,student40@school.edu,555-0040,2008-05-13,M,11,Central High School,CHS,Central High School,140 Main St,Anytown,CA,90210,Parent40,555-1040,parent40@email.com,No,Yes,Yes,SLD,,20/40,Mild hearing loss,Below Basic,Beginning,Case Manager 1,Speech Provider 2,Mental Health Provider 2,OT Provider 2,SLD,180,Goal for student 40: Improve academic performance and social skills,Notes for student 40: Requires additional support in math and reading,IEP,100045,Computer Science,202,100024,Science,204,100022,PE,105,100034,Spanish,202,100025,Math,105,100026,Science,202,100024,Spanish,201
123456830,Student41,Aeries41,P,student41@school.edu,555-0041,2008-06-14,F,12,Central High School,CHS,Central High School,141 Main St,Anytown,CA,90210,Parent41,555-1041,parent41@email.com,No,No,No,OHI,,20/20,Normal,Basic,Early Intermediate,Case Manager 2,Speech Provider 3,Mental Health Provider 3,OT Provider 3,OHI,183,Goal for student 41: Improve academic performance and social skills,Notes for student 41: Requires additional support in math and reading,504,100023,History,103,100003,Science,103,100037,English,204,100037,PE,204,100030,Math,205,100036,Spanish,103,100011,Science,105
123456831,Student42,Aeries42,Q,student42@school.edu,555-0042,2008-07-15,M,7,Central High School,CHS,Central High School,142 Main St,Anytown,CA,90210,Parent42,555-1042,parent42@email.com,Yes,No,No,ASD,Medical notes for student 42,20/20,Normal,Proficient,Intermediate,Case Manager 3,Speech Provider 1,Mental Health Provider 1,OT Provider 1,ASD,186,Goal for student 42: Improve academic performance and social skills,Notes for student 42: Requires additional support in math and reading,IEP,100022,PE,103,100041,Math,101,100044,English,205,100037,Science,205,100011,Computer Science,102,100011,History,202,100019,Computer Science,201
123456832,Student43,Aeries43,R,student43@school.edu,555-0043,2008-08-16,F,8,Central High School,CHS,Central High School,143 Main St,Anytown,CA,90210,Parent43,555-1043,parent43@email.com,No,No,No,ED,,20/20,Normal,Advanced,Early Advanced,Case Manager 4,Speech Provider 2,Mental Health Provider 2,OT Provider 2,ED,189,Goal for student 43: Improve academic performance and social skills,Notes for student 43: Requires additional support in math and reading,504,100016,Science,102,100032,English,204,100008,PE,105,100009,English,101,100036,Science,203,100013,PE,204,100024,Music,205
123456833,Student44,Aeries44,S,student44@school.edu,555-0044,2008-09-17,M,9,Central High School,CHS,Central High School,144 Main St,Anytown,CA,90210,Parent44,555-1044,parent44@email.com,No,Yes,No,SLD,,20/40,Normal,Below Basic,Advanced,Case Manager 5,Speech Provider 3,Mental Health Provider 3,OT Provider 3,SLD,192,Goal for student 44: Improve academic performance and social skills,Notes for student 44: Requires additional support in math and reading,IEP,100022,Science,203,100045,Math,204,100044,History,201,100037,Science,104,100042,English,104,100039,Math,102,100012,Science,101
123456834,Student45,Aeries45,T,student45@school.edu,555-0045,2008-10-18,F,10,Central High School,CHS,Central High School,145 Main St,Anytown,CA,90210,Parent45,555-1045,parent45@email.com,Yes,No,Yes,OHI,Medical notes for student 45,20/20,Mild hearing loss,Basic,Beginning,Case Manager 1,Speech Provider 1,Mental Health Provider 1,OT Provider 1,OHI,195,Goal for student 45: Improve academic performance and social skills,Notes for student 45: Requires additional support in math and reading,504,100038,French,105,100038,Spanish,205,100038,Art,105,100011,PE,203,100007,Art,202,100038,PE,102,100018,PE,104
123456835,Student46,Aeries46,U,student46@school.edu,555-0046,2008-11-19,M,11,Central High School,CHS,Central High School,146 Main St,Anytown,CA,90210,Parent46,555-1046,parent46@email.com,No,No,No,ASD,,20/20,Normal,Proficient,Early Intermediate,Case Manager 2,Speech Provider 2,Mental Health Provider 2,OT Provider 2,ASD,198,Goal for student 46: Improve academic performance and social skills,Notes for student 46: Requires additional support in math and reading,IEP,100014,Science,104,100037,PE,102,100024,History,204,100018,Spanish,103,100044,History,105,100017,Spanish,204,100019,English,103
123456836,Student47,Aeries47,V,student47@school.edu,555-0047,2008-12-20,F,12,Central High School,CHS,Central High School,147 Main St,Anytown,CA,90210,Parent47,555-1047,parent47@email.com,No,No,No,ED,,20/20,Normal,Advanced,Intermediate,Case Manager 3,Speech Provider 3,Mental Health Provider 3,OT Provider 3,ED,201,Goal for student 47: Improve academic performance and social skills,Notes for student 47: Requires additional support in math and reading,504,100030,Computer Science,104,100005,Music,101,100001,PE,202,100044,Art,103,100003,Music,201,100034,Art,205,100004,Science,105
123456837,Student48,Aeries48,W,student48@school.edu,555-0048,2008-01-21,M,7,Central High School,CHS,Central High School,148 Main St,Anytown,CA,90210,Parent48,555-1048,parent48@email.com,Yes,Yes,No,SLD,Medical notes for student 48,20/40,Normal,Below Basic,Early Advanced,Case Manager 4,Speech Provider 1,Mental Health Provider 1,OT Provider 1,SLD,204,Goal for student 48: Improve academic performance and social skills,Notes for student 48: Requires additional support in math and reading,IEP,100012,Science,203,100033,Art,205,100036,Science,101,100004,Art,201,100040,French,205,100011,PE,205,100044,Science,203
123456838,Student49,Aeries49,X,student49@school.edu,555-0049,2008-02-22,F,8,Central High School,CHS,Central High School,149 Main St,Anytown,CA,90210,Parent49,555-1049,parent49@email.com,No,No,No,OHI,,20/20,Normal,Basic,Advanced,Case Manager 5,Speech Provider 2,Mental Health Provider 2,OT Provider 2,OHI,207,Goal for student 49: Improve academic performance and social skills,Notes for student 49: Requires additional support in math and reading,504,100031,Math,203,100021,English,202,100037,French,201,100040,Art,105,100004,Spanish,105,100031,French,105,100004,Spanish,205
123456839,Student50,Aeries50,Y,student50@school.edu,555-0050,2008-03-23,M,9,Central High School,CHS,Central High School,150 Main St,Anytown,CA,90210,Parent50,555-1050,parent50@email.com,No,No,Yes,ASD,,20/20,Mild hearing loss,Proficient,Beginning,Case Manager 1,Speech Provider 3,Mental Health Provider 3,OT Provider 3,ASD,210,Goal for student 50: Improve academic performance and social skills,Notes for student 50: Requires additional support in math and reading,IEP,100045,Computer Science,204,100022,Computer Science,204,100001,Spanish,103,100039,History,201,100044,Art,203,100020,French,204,100039,English,201
123456840,Student51,Aeries51,Z,student51@school.edu,555-0051,2008-04-24,F,10,Central High School,CHS,Central High School,151 Main St,Anytown,CA,90210,Parent51,555-1051,parent51@email.com,Yes,No,No,ED,Medical notes for student 51,20/20,Normal,Advanced,Early Intermediate,Case Manager 2,Speech Provider 1,Mental Health Provider 1,OT Provider 1,ED,213,Goal for student 51: Improve academic performance and social skills,Notes for student 51: Requires additional support in math and reading,504,100006,Music,201,100040,English,105,100006,History,203,100028,French,105,100007,Math,204,100034,Science,204,100038,Math,202
123456841,Student52,Aeries52,A,student52@school.edu,555-0052,2008-05-25,M,11,Central High School,CHS,Central High School,152 Main St,Anytown,CA,90210,Parent52,555-1052,parent52@email.com,No,Yes,No,SLD,,20/40,Normal,Below Basic,Intermediate,Case Manager 3,Speech Provider 2,Mental Health Provider 2,OT Provider 2,SLD,216,Goal for student 52: Improve academic performance and social skills,Notes for student 52: Requires additional support in math and reading,IEP,100041,Spanish,201,100018,French,105,100034,English,104,100043,Science,202,100033,Music,103,100025,French,105,100017,History,104
123456842,Student53,Aeries53,B,student53@school.edu,555-0053,2008-06-26,F,12,Central High School,CHS,Central High School,153 Main St,Anytown,CA,90210,Parent53,555-1053,parent53@email.com,No,No,No,OHI,,20/20,Normal,Basic,Early Advanced,Case Manager 4,Speech Provider 3,Mental Health Provider 3,OT Provider 3,OHI,219,Goal for student 53: Improve academic performance and social skills,Notes for student 53: Requires additional support in math and reading,504,100015,History,204,100007,Math,102,100024,Computer Science,202,100009,PE,104,100031,Art,103,100003,Math,205,100037,History,202
123456843,Student54,Aeries54,C,student54@school.edu,555-0054,2008-07-27,M,7,Central High School,CHS,Central High School,154 Main St,Anytown,CA,90210,Parent54,555-1054,parent54@email.com,Yes,No,No,ASD,Medical notes for student 54,20/20,Normal,Proficient,Advanced,Case Manager 5,Speech Provider 1,Mental Health Provider 1,OT Provider 1,ASD,222,Goal for student 54: Improve academic performance and social skills,Notes for student 54: Requires additional support in math and reading,IEP,100029,English,105,100037,French,205,100004,PE,101,100022,History,203,100045,Art,202,100004,History,203,100021,Computer Science,204
123456844,Student55,Aeries55,D,student55@school.edu,555-0055,2008-08-28,F,8,Central High School,CHS,Central High School,155 Main St,Anytown,CA,90210,Parent55,555-1055,parent55@email.com,No,No,Yes,ED,,20/20,Mild hearing loss,Advanced,Beginning,Case Manager 1,Speech Provider 2,Mental Health Provider 2,OT Provider 2,ED,225,Goal for student 55: Improve academic performance and social skills,Notes for student 55: Requires additional support in math and reading,504,100016,Computer Science,105,100043,French,102,100039,Art,105,100002,Science,202,100036,Computer Science,205,100022,Math,201,100027,PE,103
123456845,Student56,Aeries56,E,student56@school.edu,555-0056,2008-09-01,M,9,Central High School,CHS,Central High School,156 Main St,Anytown,CA,90210,Parent56,555-1056,parent56@email.com,No,Yes,No,SLD,,20/40,Normal,Below Basic,Early Intermediate,Case Manager 2,Speech Provider 3,Mental Health Provider 3,OT Provider 3,SLD,228,Goal for student 56: Improve academic performance and social skills,Notes for student 56: Requires additional support in math and reading,IEP,100034,English,205,100029,French,205,100014,Computer Science,105,100030,Math,101,100009,Spanish,102,100009,Computer Science,203,100029,Spanish,205
123456846,Student57,Aeries57,F,student57@school.edu,555-0057,2008-10-02,F,10,Central High School,CHS,Central High School,157 Main St,Anytown,CA,90210,Parent57,555-1057,parent57@email.com,Yes,No,No,OHI,Medical notes for student 57,20/20,Normal,Basic,Intermediate,Case Manager 3,Speech Provider 1,Mental Health Provider 1,OT Provider 1,OHI,231,Goal for student 57: Improve academic performance and social skills,Notes for student 57: Requires additional support in math and reading,504,100024,Music,104,100022,French,104,100032,Art,104,100041,PE,204,100013,History,202,100011,Music,102,100013,History,203
123456847,Student58,Aeries58,G,student58@school.edu,555-0058,2008-11-03,M,11,Central High School,CHS,Central High School,158 Main St,Anytown,CA,90210,Parent58,555-1058,parent58@email.com,No,No,No,ASD,,20/20,Normal,Proficient,Early Advanced,Case Manager 4,Speech Provider 2,Mental Health Provider 2,OT Provider 2,ASD,234,Goal for student 58: Improve academic performance and social skills,Notes for student 58: Requires additional support in math and reading,IEP,100022,Math,203,100005,History,105,100010,Computer Science,103,100034,Math,205,100023,History,204,100015,Spanish,103,100014,Spanish,202
123456848,Student59,Aeries59,H,student59@school.edu,555-0059,2008-12-04,F,12,Central High School,CHS,Central High School,159 Main St,Anytown,CA,90210,Parent59,555-1059,parent59@email.com,No,No,No,ED,,20/20,Normal,Advanced,Advanced,Case Manager 5,Speech Provider 3,Mental Health Provider 3,OT Provider 3,ED,237,Goal for student 59: Improve academic performance and social skills,Notes for student 59: Requires additional support in math and reading,504,100029,Music,103,100010,Math,105,100033,English,101,100009,History,105,100015,Math,104,100017,French,103,100007,Art,205
123456849,Student60,Aeries60,I,student60@school.edu,555-0060,2008-01-05,M,7,Central High School,CHS,Central High School,160 Main St,Anytown,CA,90210,Parent60,555-1060,parent60@email.com,Yes,Yes,Yes,SLD,Medical notes for student 60,20/40,Mild hearing loss,Below Basic,Beginning,Case Manager 1,Speech Provider 1,Mental Health Provider 1,OT Provider 1,SLD,240,Goal for student 60: Improve academic performance and social skills,Notes for student 60: Requires additional support in math and reading,IEP,100035,PE,104,100024,Math,102,100036,History,105,100029,Art,202,100031,English,203,100019,Science,103,100007,French,201
123456850,Student61,Aeries61,J,student61@school.edu,555-0061,2008-02-06,F,8,Central High School,CHS,Central High School,161 Main St,Anytown,CA,90210,Parent61,555-1061,parent61@email.com,No,No,No,OHI,,20/20,Normal,Basic,Early Intermediate,Case Manager 2,Speech Provider 2,Mental Health Provider 2,OT Provider 2,OHI,243,Goal for student 61: Improve academic performance and social skills,Notes for student 61: Requires additional support in math and reading,504,100021,Math,202,100044,History,204,100040,Art,203,100042,PE,201,100033,Spanish,202,100020,History,104,100035,Computer Science,204
123456851,Student62,Aeries62,K,student62@school.edu,555-0062,2008-03-07,M,9,Central High School,CHS,Central High School,162 Main St,Anytown,CA,90210,Parent62,555-1062,parent62@email.com,No,No,No,ASD,,20/20,Normal,Proficient,Intermediate,Case Manager 3,Speech Provider 3,Mental Health Provider 3,OT Provider 3,ASD,246,Goal for student 62: Improve academic performance and social skills,Notes for student 62: Requires additional support in math and reading,IEP,100009,English,204,100005,PE,102,100018,Math,201,100004,Music,101,100024,French,203,100031,Computer Science,101,100032,PE,105
123456852,Student63,Aeries63,L,student63@school.edu,555-0063,2008-04-08,F,10,Central High School,CHS,Central High School,163 Main St,Anytown,CA,90210,Parent63,555-1063,parent63@email.com,Yes,No,No,ED,Medical notes for student 63,20/20,Normal,Advanced,Early Advanced,Case Manager 4,Speech Provider 1,Mental Health Provider 1,OT Provider 1,ED,249,Goal for student 63: Improve academic performance and social skills,Notes for student 63: Requires additional support in math and reading,504,100026,PE,101,100039,Spanish,205,100044,Art,203,100042,Computer Science,105,100007,Computer Science,203,100006,Math,201,100004,Art,101
123456853,Student64,Aeries64,M,student64@school.edu,555-0064,2008-05-09,M,11,Central High School,CHS,Central High School,164 Main St,Anytown,CA,90210,Parent64,555-1064,parent64@email.com,No,Yes,No,SLD,,20/40,Normal,Below Basic,Advanced,Case Manager 5,Speech Provider 2,Mental Health Provider 2,OT Provider 2,SLD,252,Goal for student 64: Improve academic performance and social skills,Notes for student 64: Requires additional support in math and reading,IEP,100025,English,204,100018,Math,205,100010,History,201,100008,English,202,100044,French,202,100017,Art,203,100020,English,101
123456854,Student65,Aeries65,N,student65@school.edu,555-0065,2008-06-10,F,12,Central High School,CHS,Central High School,165 Main St,Anytown,CA,90210,Parent65,555-1065,parent65@email.com,No,No,Yes,OHI,,20/20,Mild hearing loss,Basic,Beginning,Case Manager 1,Speech Provider 3,Mental Health Provider 3,OT Provider 3,OHI,255,Goal for student 65: Improve academic performance and social skills,Notes for student 65: Requires additional support in math and reading,504,100005,Music,205,100019,Science,103,100018,Science,105,100003,Music,201,100025,Math,201,100032,English,205,100013,Science,103
123456855,Student66,Aeries66,O,student66@school.edu,555-0066,2008-07-11,M,7,Central High School,CHS,Central High School,166 Main St,Anytown,CA,90210,Parent66,555-1066,parent66@email.com,Yes,No,No,ASD,Medical notes for student 66,20/20,Normal,Proficient,Early Intermediate,Case Manager 2,Speech Provider 1,Mental Health Provider 1,OT Provider 1,ASD,258,Goal for student 66: Improve academic performance and social skills,Notes for student 66: Requires additional support in math and reading,IEP,100009,History,204,100030,Science,105,100044,Science,203,100008,Computer Science,103,100038,Science,205,100002,English,103,100033,Science,104
123456856,Student67,Aeries67,P,student67@school.edu,555-0067,2008-08-12,F,8,Central High School,CHS,Central High School,167 Main St,Anytown,CA,90210,Parent67,555-1067,parent67@email.com,No,No,No,ED,,20/20,Normal,Advanced,Intermediate,Case Manager 3,Speech Provider 2,Mental Health Provider 2,OT Provider 2,ED,261,Goal for student 67: Improve academic performance and social skills,Notes for student 67: Requires additional support in math and reading,504,100003,English,202,100014,French,102,100025,English,203,100030,French,204,100039,French,102,100041,Music,103,100035,Spanish,101
123456857,Student68,Aeries68,Q,student68@school.edu,555-0068,2008-09-13,M,9,Central High School,CHS,Central High School,168 Main St,Anytown,CA,90210,Parent68,555-1068,parent68@email.com,No,Yes,No,SLD,,20/40,Normal,Below Basic,Early Advanced,Case Manager 4,Speech Provider 3,Mental Health Provider 3,OT Provider 3,SLD,264,Goal for student 68: Improve academic performance and social skills,Notes for student 68: Requires additional support in math and reading,IEP,100018,English,201,100005,French,202,100014,Math,205,100034,Music,103,100031,Music,205,100022,Art,202,100002,Music,201
123456858,Student69,Aeries69,R,student69@school.edu,555-0069,2008-10-14,F,10,Central High School,CHS,Central High School,169 Main St,Anytown,CA,90210,Parent69,555-1069,parent69@email.com,Yes,No,No,OHI,Medical notes for student 69,20/20,Normal,Basic,Advanced,Case Manager 5,Speech Provider 1,Mental Health Provider 1,OT Provider 1,OHI,267,Goal for student 69: Improve academic performance and social skills,Notes for student 69: Requires additional support in math and reading,504,100017,Science,204,100031,Computer Science,205,100042,Computer Science,205,100027,PE,104,100001,History,201,100021,French,103,100033,Music,101
123456859,Student70,Aeries70,S,student70@school.edu,555-0070,2008-11-15,M,11,Central High School,CHS,Central High School,170 Main St,Anytown,CA,90210,Parent70,555-1070,parent70@email.com,No,No,Yes,ASD,,20/20,Mild hearing loss,Proficient,Beginning,Case Manager 1,Speech Provider 2,Mental Health Provider 2,OT Provider 2,ASD,270,Goal for student 70: Improve academic performance and social skills,Notes for student 70: Requires additional support in math and reading,IEP,100041,Spanish,102,100008,French,103,100007,English,201,100031,Math,204,100015,History,201,100028,Spanish,101,100042,Spanish,203
123456860,Student71,Aeries71,T,student71@school.edu,555-0071,2008-12-16,F,12,Central High School,CHS,Central High School,171 Main St,Anytown,CA,90210,Parent71,555-1071,parent71@email.com,No,No,No,ED,,20/20,Normal,Advanced,Early Intermediate,Case Manager 2,Speech Provider 3,Mental Health Provider 3,OT Provider 3,ED,273,Goal for student 71: Improve academic performance and social skills,Notes for student 71: Requires additional support in math and reading,504,100012,Computer Science,201,100040,Math,101,100036,Art,101,100016,Computer Science,103,100010,History,202,100003,Computer Science,104,100037,Spanish,105
123456861,Student72,Aeries72,U,student72@school.edu,555-0072,2008-01-17,M,7,Central High School,CHS,Central High School,172 Main St,Anytown,CA,90210,Parent72,555-1072,parent72@email.com,Yes,Yes,No,SLD,Medical notes for student 72,20/40,Normal,Below Basic,Intermediate,Case Manager 3,Speech Provider 1,Mental Health Provider 1,OT Provider 1,SLD,276,Goal for student 72: Improve academic performance and social skills,Notes for student 72: Requires additional support in math and reading,IEP,100031,Art,205,100043,Computer Science,104,100039,Art,204,100010,Art,102,100045,English,204,100044,PE,102,100029,French,202
123456862,Student73,Aeries73,V,student73@school.edu,555-0073,2008-02-18,F,8,Central High School,CHS,Central High School,173 Main St,Anytown,CA,90210,Parent73,555-1073,parent73@email.com,No,No,No,OHI,,20/20,Normal,Basic,Early Advanced,Case Manager 4,Speech Provider 2,Mental Health Provider 2,OT Provider 2,OHI,279,Goal for student 73: Improve academic performance and social skills,Notes for student 73: Requires additional support in math and reading,504,100028,Computer Science,102,100033,Music,202,100005,Spanish,104,100021,PE,202,100013,Computer Science,102,100001,Music,104,100032,Music,105
123456863,Student74,Aeries74,W,student74@school.edu,555-0074,2008-03-19,M,9,Central High School,CHS,Central High School,174 Main St,Anytown,CA,90210,Parent74,555-1074,parent74@email.com,No,No,No,ASD,,20/20,Normal,Proficient,Advanced,Case Manager 5,Speech Provider 3,Mental Health Provider 3,OT Provider 3,ASD,282,Goal for student 74: Improve academic performance and social skills,Notes for student 74: Requires additional support in math and reading,IEP,100021,Spanish,204,100018,French,205,100018,English,102,100039,Math,105,100027,Computer Science,101,100011,Music,103,100031,French,201
123456864,Student75,Aeries75,X,student75@school.edu,555-0075,2008-04-20,F,10,Central High School,CHS,Central High School,175 Main St,Anytown,CA,90210,Parent75,555-1075,parent75@email.com,Yes,No,Yes,ED,Medical notes for student 75,20/20,Mild hearing loss,Advanced,Beginning,Case Manager 1,Speech Provider 1,Mental Health Provider 1,OT Provider 1,ED,285,Goal for student 75: Improve academic performance and social skills,Notes for student 75: Requires additional support in math and reading,504,100041,English,202,100030,Computer Science,101,100024,Spanish,103,100023,PE,101,100015,French,105,100008,English,204,100001,French,102
123456865,Student76,Aeries76,Y,student76@school.edu,555-0076,2008-05-21,M,11,Central High School,CHS,Central High School,176 Main St,Anytown,CA,90210,Parent76,555-1076,parent76@email.com,No,Yes,No,SLD,,20/40,Normal,Below Basic,Early Intermediate,Case Manager 2,Speech Provider 2,Mental Health Provider 2,OT Provider 2,SLD,288,Goal for student 76: Improve academic performance and social skills,Notes for student 76: Requires additional support in math and reading,IEP,100023,Science,103,100034,Music,102,100039,History,104,100004,English,201,100019,PE,103,100027,PE,204,100027,English,203
123456866,Student77,Aeries77,Z,student77@school.edu,555-0077,2008-06-22,F,12,Central High School,CHS,Central High School,177 Main St,Anytown,CA,90210,Parent77,555-1077,parent77@email.com,No,No,No,OHI,,20/20,Normal,Basic,Intermediate,Case Manager 3,Speech Provider 3,Mental Health Provider 3,OT Provider 3,OHI,291,Goal for student 77: Improve academic performance and social skills,Notes for student 77: Requires additional support in math and reading,504,100017,Art,203,100021,Art,203,100004,PE,203,100038,Science,104,100003,English,101,100016,English,102,100045,English,103
123456867,Student78,Aeries78,A,student78@school.edu,555-0078,2008-07-23,M,7,Central High School,CHS,Central High School,178 Main St,Anytown,CA,90210,Parent78,555-1078,parent78@email.com,Yes,No,No,ASD,Medical notes for student 78,20/20,Normal,Proficient,Early Advanced,Case Manager 4,Speech Provider 1,Mental Health Provider 1,OT Provider 1,ASD,294,Goal for student 78: Improve academic performance and social skills,Notes for student 78: Requires additional support in math and reading,IEP,100014,Computer Science,205,100007,PE,104,100029,English,101,100011,PE,203,100018,Music,201,100016,Music,103,100031,English,102
123456868,Student79,Aeries79,B,student79@school.edu,555-0079,2008-08-24,F,8,Central High School,CHS,Central High School,179 Main St,Anytown,CA,90210,Parent79,555-1079,parent79@email.com,No,No,No,ED,,20/20,Normal,Advanced,Advanced,Case Manager 5,Speech Provider 2,Mental Health Provider 2,OT Provider 2,ED,297,Goal for student 79: Improve academic performance and social skills,Notes for student 79: Requires additional support in math and reading,504,100023,Music,205,100031,Spanish,202,100016,French,202,100014,English,103,100014,Computer Science,201,100043,French,201,100045,English,202
123456869,Student80,Aeries80,C,student80@school.edu,555-0080,2008-09-25,M,9,Central High School,CHS,Central High School,180 Main St,Anytown,CA,90210,Parent80,555-1080,parent80@email.com,No,Yes,Yes,SLD,,20/40,Mild hearing loss,Below Basic,Beginning,Case Manager 1,Speech Provider 3,Mental Health Provider 3,OT Provider 3,SLD,300,Goal for student 80: Improve academic performance and social skills,Notes for student 80: Requires additional support in math and reading,IEP,100001,Music,101,100016,History,102,100021,French,102,100027,Math,205,100042,English,201,100035,Math,205,100038,Math,101
123456870,Student81,Aeries81,D,student81@school.edu,555-0081,2008-10-26,F,10,Central High School,CHS,Central High School,181 Main St,Anytown,CA,90210,Parent81,555-1081,parent81@email.com,Yes,No,No,OHI,Medical notes for student 81,20/20,Normal,Basic,Early Intermediate,Case Manager 2,Speech Provider 1,Mental Health Provider 1,OT Provider 1,OHI,303,Goal for student 81: Improve academic performance and social skills,Notes for student 81: Requires additional support in math and reading,504,100023,Math,202,100028,PE,201,100043,Science,204,100045,Spanish,103,100001,History,203,100045,Science,105,100010,Music,104
123456871,Student82,Aeries82,E,student82@school.edu,555-0082,2008-11-27,M,11,Central High School,CHS,Central High School,182 Main St,Anytown,CA,90210,Parent82,555-1082,parent82@email.com,No,No,No,ASD,,20/20,Normal,Proficient,Intermediate,Case Manager 3,Speech Provider 2,Mental Health Provider 2,OT Provider 2,ASD,306,Goal for student 82: Improve academic performance and social skills,Notes for student 82: Requires additional support in math and reading,IEP,100037,PE,104,100009,History,104,100040,English,204,100021,History,204,100045,Science,105,100020,Music,202,100037,Art,204
123456872,Student83,Aeries83,F,student83@school.edu,555-0083,2008-12-28,F,12,Central High School,CHS,Central High School,183 Main St,Anytown,CA,90210,Parent83,555-1083,parent83@email.com,No,No,No,ED,,20/20,Normal,Advanced,Early Advanced,Case Manager 4,Speech Provider 3,Mental Health Provider 3,OT Provider 3,ED,309,Goal for student 83: Improve academic performance and social skills,Notes for student 83: Requires additional support in math and reading,504,100034,Computer Science,105,100027,Science,104,100004,English,105,100006,Math,105,100003,Music,101,100044,French,102,100012,Computer Science,102
123456873,Student84,Aeries84,G,student84@school.edu,555-0084,2008-01-01,M,7,Central High School,CHS,Central High School,184 Main St,Anytown,CA,90210,Parent84,555-1084,parent84@email.com,Yes,Yes,No,SLD,Medical notes for student 84,20/40,Normal,Below Basic,Advanced,Case Manager 5,Speech Provider 1,Mental Health Provider 1,OT Provider 1,SLD,312,Goal for student 84: Improve academic performance and social skills,Notes for student 84: Requires additional support in math and reading,IEP,100034,PE,201,100024,Art,103,100032,History,205,100044,Spanish,205,100044,Science,204,100041,Math,203,100003,Computer Science,205
123456874,Student85,Aeries85,H,student85@school.edu,555-0085,2008-02-02,F,8,Central High School,CHS,Central High School,185 Main St,Anytown,CA,90210,Parent85,555-1085,parent85@email.com,No,No,Yes,OHI,,20/20,Mild hearing loss,Basic,Beginning,Case Manager 1,Speech Provider 2,Mental Health Provider 2,OT Provider 2,OHI,315,Goal for student 85: Improve academic performance and social skills,Notes for student 85: Requires additional support in math and reading,504,100032,English,103,100040,Science,202,100013,Music,202,100030,Music,102,100018,Music,205,100045,Computer Science,101,100018,PE,204
123456875,Student86,Aeries86,I,student86@school.edu,555-0086,2008-03-03,M,9,Central High School,CHS,Central High School,186 Main St,Anytown,CA,90210,Parent86,555-1086,parent86@email.com,No,No,No,ASD,,20/20,Normal,Proficient,Early Intermediate,Case Manager 2,Speech Provider 3,Mental Health Provider 3,OT Provider 3,ASD,318,Goal for student 86: Improve academic performance and social skills,Notes for student 86: Requires additional support in math and reading,IEP,100003,PE,103,100004,Spanish,204,100032,Computer Science,104,100001,Math,104,100012,Music,101,100020,English,105,100034,Spanish,203
123456876,Student87,Aeries87,J,student87@school.edu,555-0087,2008-04-04,F,10,Central High School,CHS,Central High School,187 Main St,Anytown,CA,90210,Parent87,555-1087,parent87@email.com,Yes,No,No,ED,Medical notes for student 87,20/20,Normal,Advanced,Intermediate,Case Manager 3,Speech Provider 1,Mental Health Provider 1,OT Provider 1,ED,321,Goal for student 87: Improve academic performance and social skills,Notes for student 87: Requires additional support in math and reading,504,100033,French,104,100021,Music,205,100014,Math,201,100026,Science,205,100035,History,202,100019,French,104,100011,History,202
123456877,Student88,Aeries88,K,student88@school.edu,555-0088,2008-05-05,M,11,Central High School,CHS,Central High School,188 Main St,Anytown,CA,90210,Parent88,555-1088,parent88@email.com,No,Yes,No,SLD,,20/40,Normal,Below Basic,Early Advanced,Case Manager 4,Speech Provider 2,Mental Health Provider 2,OT Provider 2,SLD,324,Goal for student 88: Improve academic performance and social skills,Notes for student 88: Requires additional support in math and reading,IEP,100029,English,101,100032,Math,103,100028,French,103,100006,Spanish,204,100034,Art,204,100016,History,103,100029,English,205
123456878,Student89,Aeries89,L,student89@school.edu,555-0089,2008-06-06,F,12,Central High School,CHS,Central High School,189 Main St,Anytown,CA,90210,Parent89,555-1089,parent89@email.com,No,No,No,OHI,,20/20,Normal,Basic,Advanced,Case Manager 5,Speech Provider 3,Mental Health Provider 3,OT Provider 3,OHI,327,Goal for student 89: Improve academic performance and social skills,Notes for student 89: Requires additional support in math and reading,504,100016,French,102,100022,Math,204,100037,PE,202,100026,Spanish,101,100002,PE,101,100028,Art,205,100005,French,203
123456879,Student90,Aeries90,M,student90@school.edu,555-0090,2008-07-07,M,7,Central High School,CHS,Central High School,190 Main St,Anytown,CA,90210,Parent90,555-1090,parent90@email.com,Yes,No,Yes,ASD,Medical notes for student 90,20/20,Mild hearing loss,Proficient,Beginning,Case Manager 1,Speech Provider 1,Mental Health Provider 1,OT Provider 1,ASD,330,Goal for student 90: Improve academic performance and social skills,Notes for student 90: Requires additional support in math and reading,IEP,100005,History,203,100010,Spanish,205,100028,English,103,100025,Computer Science,201,100016,PE,204,100018,English,201,100003,Spanish,204
123456880,Student91,Aeries91,N,student91@school.edu,555-0091,2008-08-08,F,8,Central High School,CHS,Central High School,191 Main St,Anytown,CA,90210,Parent91,555-1091,parent91@email.com,No,No,No,ED,,20/20,Normal,Advanced,Early Intermediate,Case Manager 2,Speech Provider 2,Mental Health Provider 2,OT Provider 2,ED,333,Goal for student 91: Improve academic performance and social skills,Notes for student 91: Requires additional support in math and reading,504,100012,Spanish,201,100026,History,201,100007,Spanish,203,100021,Music,204,100036,History,205,100032,Art,202,100043,Math,101
123456881,Student92,Aeries92,O,student92@school.edu,555-0092,2008-09-09,M,9,Central High School,CHS,Central High School,192 Main St,Anytown,CA,90210,Parent92,555-1092,parent92@email.com,No,Yes,No,SLD,,20/40,Normal,Below Basic,Intermediate,Case Manager 3,Speech Provider 3,Mental Health Provider 3,OT Provider 3,SLD,336,Goal for student 92: Improve academic performance and social skills,Notes for student 92: Requires additional support in math and reading,IEP,100001,Math,205,100019,PE,205,100019,Art,205,100014,Art,203,100043,French,105,100045,French,203,100014,Math,101
123456882,Student93,Aeries93,P,student93@school.edu,555-0093,2008-10-10,F,10,Central High School,CHS,Central High School,193 Main St,Anytown,CA,90210,Parent93,555-1093,parent93@email.com,Yes,No,No,OHI,Medical notes for student 93,20/20,Normal,Basic,Early Advanced,Case Manager 4,Speech Provider 1,Mental Health Provider 1,OT Provider 1,OHI,339,Goal for student 93: Improve academic performance and social skills,Notes for student 93: Requires additional support in math and reading,504,100016,Computer Science,205,100040,Spanish,203,100044,Spanish,102,100016,Computer Science,202,100001,Art,204,100028,Music,102,100013,PE,204
123456883,Student94,Aeries94,Q,student94@school.edu,555-0094,2008-11-11,M,11,Central High School,CHS,Central High School,194 Main St,Anytown,CA,90210,Parent94,555-1094,parent94@email.com,No,No,No,ASD,,20/20,Normal,Proficient,Advanced,Case Manager 5,Speech Provider 2,Mental Health Provider 2,OT Provider 2,ASD,342,Goal for student 94: Improve academic performance and social skills,Notes for student 94: Requires additional support in math and reading,IEP,100023,Art,201,100015,History,201,100029,Art,205,100022,History,202,100026,Art,205,100011,Spanish,203,100005,History,102
123456884,Student95,Aeries95,R,student95@school.edu,555-0095,2008-12-12,F,12,Central High School,CHS,Central High School,195 Main St,Anytown,CA,90210,Parent95,555-1095,parent95@email.com,No,No,Yes,ED,,20/20,Mild hearing loss,Advanced,Beginning,Case Manager 1,Speech Provider 3,Mental Health Provider 3,OT Provider 3,ED,345,Goal for student 95: Improve academic performance and social skills,Notes for student 95: Requires additional support in math and reading,504,100018,French,205,100007,Math,204,100037,PE,104,100002,English,103,100023,Science,203,100016,History,202,100037,Art,203
123456885,Student96,Aeries96,S,student96@school.edu,555-0096,2008-01-13,M,7,Central High School,CHS,Central High School,196 Main St,Anytown,CA,90210,Parent96,555-1096,parent96@email.com,Yes,Yes,No,SLD,Medical notes for student 96,20/40,Normal,Below Basic,Early Intermediate,Case Manager 2,Speech Provider 1,Mental Health Provider 1,OT Provider 1,SLD,348,Goal for student 96: Improve academic performance and social skills,Notes for student 96: Requires additional support in math and reading,IEP,100007,PE,102,100036,Music,103,100010,French,102,100026,English,204,100032,Art,101,100024,History,203,100014,English,204
123456886,Student97,Aeries97,T,student97@school.edu,555-0097,2008-02-14,F,8,Central High School,CHS,Central High School,197 Main St,Anytown,CA,90210,Parent97,555-1097,parent97@email.com,No,No,No,OHI,,20/20,Normal,Basic,Intermediate,Case Manager 3,Speech Provider 2,Mental Health Provider 2,OT Provider 2,OHI,351,Goal for student 97: Improve academic performance and social skills,Notes for student 97: Requires additional support in math and reading,504,100011,PE,204,100040,English,101,100041,English,205,100006,Math,201,100022,Art,201,100006,French,104,100017,PE,103
123456887,Student98,Aeries98,U,student98@school.edu,555-0098,2008-03-15,M,9,Central High School,CHS,Central High School,198 Main St,Anytown,CA,90210,Parent98,555-1098,parent98@email.com,No,No,No,ASD,,20/20,Normal,Proficient,Early Advanced,Case Manager 4,Speech Provider 3,Mental Health Provider 3,OT Provider 3,ASD,354,Goal for student 98: Improve academic performance and social skills,Notes for student 98: Requires additional support in math and reading,IEP,100020,Spanish,103,100011,Computer Science,102,100027,English,104,100013,Spanish,105,100037,Science,204,100014,Spanish,105,100041,History,202
123456888,Student99,Aeries99,V,student99@school.edu,555-0099,2008-04-16,F,10,Central High School,CHS,Central High School,199 Main St,Anytown,CA,90210,Parent99,555-1099,parent99@email.com,Yes,No,No,ED,Medical notes for student 99,20/20,Normal,Advanced,Advanced,Case Manager 5,Speech Provider 1,Mental Health Provider 1,OT Provider 1,ED,357,Goal for student 99: Improve academic performance and social skills,Notes for student 99: Requires additional support in math and reading,504,100014,Science,202,100009,Spanish,105,100031,English,201,100002,Art,103,100036,Math,205,100019,Art,205,100029,Computer Science,202
123456889,Student100,Aeries100,W,student100@school.edu,555-0100,2008-05-17,M,11,Central High School,CHS,Central High School,200 Main St,Anytown,CA,90210,Parent100,555-1100,parent100@email.com,No,Yes,Yes,SLD,,20/40,Mild hearing loss,Below Basic,Beginning,Case Manager 1,Speech Provider 2,Mental Health Provider 2,OT Provider 2,SLD,60,Goal for student 100: Improve academic performance and social skills,Notes for student 100: Requires additional support in math and reading,IEP,100016,History,103,100013,Science,101,100004,Art,105,100027,PE,202,100033,French,103,100008,Computer Science,103,100037,Spanish,103